Sample,Species,Abundance,RelativeAbundance
125,VTX00062,161,0.019171231
125,VTX00063,777,0.092522029
125,VTX00064,125,0.014884496
125,VTX00065,126,0.015003572
125,VTX00067,72,0.00857347
125,VTX00069,52,0.00619195
125,VTX00074,32,0.003810431
125,VTX00088,47,0.005596571
125,VTX00089,2,2.38E-04
125,VTX00090,22,0.002619671
125,VTX00092,11,0.001309836
125,VTX00093,7,8.34E-04
125,VTX00096,2,2.38E-04
125,VTX00100,23,0.002738747
125,VTX00105,8,9.53E-04
125,VTX00108,3,3.57E-04
125,VTX00113,225,0.026792093
125,VTX00114,69,0.008216242
125,VTX00115,33,0.003929507
125,VTX00117,4,4.76E-04
125,VTX00128,21,0.002500595
125,VTX00130,92,0.010954989
125,VTX00135,16,0.001905216
125,VTX00137,13,0.001547988
125,VTX00140,10,0.00119076
125,VTX00142,16,0.001905216
125,VTX00143,255,0.030364372
125,VTX00151,2334,0.277923315
125,VTX00153,29,0.003453203
125,VTX00154,20,0.002381519
125,VTX00155,165,0.019647535
125,VTX00156,273,0.03250774
125,VTX00160,12,0.001428912
125,VTX00163,99,0.011788521
125,VTX00166,93,0.011074065
125,VTX00167,40,0.004763039
125,VTX00177,17,0.002024291
125,VTX00185,10,0.00119076
125,VTX00186,39,0.004643963
125,VTX00187,47,0.005596571
125,VTX00193,168,0.020004763
125,VTX00194,11,0.001309836
125,VTX00199,2,2.38E-04
125,VTX00212,9,0.001071684
125,VTX00214,36,0.004286735
125,VTX00219,11,0.001309836
125,VTX00225,32,0.003810431
125,VTX00247,39,0.004643963
125,VTX00256,39,0.004643963
125,VTX00268,108,0.012860205
125,VTX00276,56,0.006668254
125,VTX00281,2,2.38E-04
125,VTX00286,62,0.00738271
125,VTX00293,117,0.013931889
125,VTX00295,16,0.001905216
125,VTX00301,30,0.003572279
125,VTX00304,97,0.011550369
125,VTX00305,37,0.004405811
125,VTX00306,151,0.017980472
125,VTX00308,10,0.00119076
125,VTX00312,17,0.002024291
125,VTX00315,37,0.004405811
125,VTX00329,18,0.002143367
125,VTX00331,1004,0.119552274
125,VTX00332,18,0.002143367
125,VTX00342,114,0.013574661
125,VTX00345,7,8.34E-04
125,VTX00356,166,0.019766611
125,VTX00362,26,0.003095975
125,VTX00366,7,8.34E-04
125,VTX00370,12,0.001428912
125,VTX00372,10,0.00119076
125,VTX00385,24,0.002857823
125,VTX00387,36,0.004286735
125,VTX00396,4,4.76E-04
125,VTX00403,87,0.010359609
125,VTX00409,71,0.008454394
125,VTX00439,27,0.003215051
125,VTX00446,278,0.03310312
128,VTX00062,349,0.020504083
128,VTX00063,1803,0.105927971
128,VTX00064,83,0.004876329
128,VTX00065,51,0.002996299
128,VTX00067,248,0.014570237
128,VTX00069,142,0.008342636
128,VTX00074,39,0.002291287
128,VTX00088,12,7.05E-04
128,VTX00089,25,0.001468774
128,VTX00090,72,0.004230069
128,VTX00092,77,0.004523824
128,VTX00093,83,0.004876329
128,VTX00096,39,0.002291287
128,VTX00100,38,0.002232536
128,VTX00105,24,0.001410023
128,VTX00108,28,0.001645027
128,VTX00113,1827,0.107337994
128,VTX00114,540,0.031725516
128,VTX00115,345,0.020269079
128,VTX00117,13,7.64E-04
128,VTX00128,82,0.004817578
128,VTX00130,621,0.036484343
128,VTX00135,33,0.001938782
128,VTX00137,25,0.001468774
128,VTX00140,26,0.001527525
128,VTX00142,46,0.002702544
128,VTX00143,442,0.025967922
128,VTX00151,2374,0.139474766
128,VTX00153,36,0.002115034
128,VTX00154,32,0.001880031
128,VTX00155,256,0.015040244
128,VTX00156,473,0.027789202
128,VTX00160,38,0.002232536
128,VTX00163,155,0.009106398
128,VTX00166,117,0.006873862
128,VTX00167,36,0.002115034
128,VTX00177,16,9.40E-04
128,VTX00185,26,0.001527525
128,VTX00186,76,0.004465073
128,VTX00187,53,0.003113801
128,VTX00193,277,0.016274014
128,VTX00194,77,0.004523824
128,VTX00199,3,1.76E-04
128,VTX00212,36,0.002115034
128,VTX00214,427,0.025086658
128,VTX00219,14,8.23E-04
128,VTX00225,10,5.88E-04
128,VTX00247,55,0.003231303
128,VTX00248,20,0.001175019
128,VTX00256,34,0.001997532
128,VTX00268,279,0.016391516
128,VTX00276,8,4.70E-04
128,VTX00281,68,0.003995065
128,VTX00286,33,0.001938782
128,VTX00293,545,0.03201927
128,VTX00295,56,0.003290053
128,VTX00301,57,0.003348804
128,VTX00304,188,0.011045179
128,VTX00305,232,0.013630221
128,VTX00306,365,0.021444098
128,VTX00308,9,5.29E-04
128,VTX00312,59,0.003466306
128,VTX00315,49,0.002878797
128,VTX00329,66,0.003877563
128,VTX00331,995,0.0584572
128,VTX00332,75,0.004406322
128,VTX00342,164,0.009635157
128,VTX00345,61,0.003583808
128,VTX00348,2,1.18E-04
128,VTX00356,199,0.01169144
128,VTX00362,221,0.012983961
128,VTX00366,53,0.003113801
128,VTX00367,5,2.94E-04
128,VTX00370,157,0.0092239
128,VTX00372,14,8.23E-04
128,VTX00385,105,0.00616885
128,VTX00387,417,0.024499148
128,VTX00396,1,5.88E-05
128,VTX00403,111,0.006521356
128,VTX00409,198,0.011632689
128,VTX00439,39,0.002291287
128,VTX00446,436,0.025615416
139,VTX00062,145,0.015057113
139,VTX00063,1077,0.111838006
139,VTX00064,144,0.014953271
139,VTX00065,18,0.001869159
139,VTX00067,167,0.017341641
139,VTX00069,46,0.004776739
139,VTX00074,15,0.001557632
139,VTX00088,3,3.12E-04
139,VTX00089,6,6.23E-04
139,VTX00090,40,0.004153686
139,VTX00092,45,0.004672897
139,VTX00093,57,0.005919003
139,VTX00096,28,0.00290758
139,VTX00100,31,0.003219107
139,VTX00105,9,9.35E-04
139,VTX00108,15,0.001557632
139,VTX00113,855,0.088785047
139,VTX00114,265,0.027518172
139,VTX00115,238,0.024714434
139,VTX00117,13,0.001349948
139,VTX00128,20,0.002076843
139,VTX00130,210,0.021806854
139,VTX00135,26,0.002699896
139,VTX00137,9,9.35E-04
139,VTX00140,5,5.19E-04
139,VTX00142,15,0.001557632
139,VTX00143,254,0.026375909
139,VTX00151,745,0.077362409
139,VTX00153,14,0.00145379
139,VTX00154,9,9.35E-04
139,VTX00155,130,0.013499481
139,VTX00156,56,0.005815161
139,VTX00160,7,7.27E-04
139,VTX00163,25,0.002596054
139,VTX00166,23,0.00238837
139,VTX00167,4,4.15E-04
139,VTX00177,4,4.15E-04
139,VTX00185,11,0.001142264
139,VTX00186,30,0.003115265
139,VTX00187,13,0.001349948
139,VTX00193,130,0.013499481
139,VTX00194,37,0.00384216
139,VTX00199,2,2.08E-04
139,VTX00212,40,0.004153686
139,VTX00214,259,0.026895119
139,VTX00219,2,2.08E-04
139,VTX00225,27,0.002803738
139,VTX00247,25,0.002596054
139,VTX00248,2,2.08E-04
139,VTX00256,17,0.001765317
139,VTX00268,125,0.01298027
139,VTX00276,490,0.050882658
139,VTX00281,407,0.042263759
139,VTX00286,8,8.31E-04
139,VTX00293,351,0.036448598
139,VTX00295,34,0.003530633
139,VTX00301,17,0.001765317
139,VTX00304,24,0.002492212
139,VTX00305,141,0.014641745
139,VTX00306,156,0.016199377
139,VTX00312,33,0.003426791
139,VTX00315,24,0.002492212
139,VTX00329,31,0.003219107
139,VTX00331,510,0.052959502
139,VTX00332,8,8.31E-04
139,VTX00342,65,0.00674974
139,VTX00345,41,0.004257529
139,VTX00348,10,0.001038422
139,VTX00356,115,0.011941848
139,VTX00362,101,0.010488058
139,VTX00366,35,0.003634476
139,VTX00367,2,2.08E-04
139,VTX00370,96,0.009968847
139,VTX00372,10,0.001038422
139,VTX00385,76,0.007892004
139,VTX00387,268,0.027829699
139,VTX00403,78,0.008099688
139,VTX00409,109,0.011318795
139,VTX00439,24,0.002492212
139,VTX00446,873,0.090654206
150,VTX00062,8,0.001338016
150,VTX00063,413,0.069075096
150,VTX00064,9,0.001505268
150,VTX00065,5,8.36E-04
150,VTX00067,38,0.006355578
150,VTX00069,48,0.008028098
150,VTX00074,10,0.00167252
150,VTX00088,2,3.35E-04
150,VTX00089,27,0.004515805
150,VTX00090,9,0.001505268
150,VTX00092,2,3.35E-04
150,VTX00096,1,1.67E-04
150,VTX00100,2,3.35E-04
150,VTX00105,2,3.35E-04
150,VTX00113,167,0.027931092
150,VTX00114,26,0.004348553
150,VTX00115,3,5.02E-04
150,VTX00117,3,5.02E-04
150,VTX00128,16,0.002676033
150,VTX00130,95,0.015888945
150,VTX00137,3,5.02E-04
150,VTX00140,7,0.001170764
150,VTX00142,5,8.36E-04
150,VTX00143,35,0.005853822
150,VTX00151,2163,0.361766182
150,VTX00153,31,0.005184814
150,VTX00154,2,3.35E-04
150,VTX00155,159,0.026593076
150,VTX00156,12,0.002007025
150,VTX00160,13,0.002174277
150,VTX00163,179,0.029938117
150,VTX00166,267,0.044656297
150,VTX00167,6,0.001003512
150,VTX00177,2,3.35E-04
150,VTX00185,6,0.001003512
150,VTX00186,3,5.02E-04
150,VTX00187,11,0.001839773
150,VTX00193,202,0.033784914
150,VTX00194,1,1.67E-04
150,VTX00197,8,0.001338016
150,VTX00199,2,3.35E-04
150,VTX00214,8,0.001338016
150,VTX00219,3,5.02E-04
150,VTX00225,4,6.69E-04
150,VTX00256,22,0.003679545
150,VTX00268,70,0.011707643
150,VTX00276,122,0.02040475
150,VTX00281,8,0.001338016
150,VTX00286,4,6.69E-04
150,VTX00293,38,0.006355578
150,VTX00295,2,3.35E-04
150,VTX00301,2,3.35E-04
150,VTX00305,1,1.67E-04
150,VTX00306,7,0.001170764
150,VTX00308,39,0.00652283
150,VTX00312,14,0.002341529
150,VTX00315,5,8.36E-04
150,VTX00329,83,0.01388192
150,VTX00331,1047,0.175112895
150,VTX00332,22,0.003679545
150,VTX00342,166,0.02776384
150,VTX00356,109,0.018230473
150,VTX00362,3,5.02E-04
150,VTX00367,4,6.69E-04
150,VTX00370,2,3.35E-04
150,VTX00385,27,0.004515805
150,VTX00387,35,0.005853822
150,VTX00396,11,0.001839773
150,VTX00403,57,0.009533367
150,VTX00409,35,0.005853822
150,VTX00446,26,0.004348553
158,VTX00062,7,0.002818035
158,VTX00063,297,0.119565217
158,VTX00064,25,0.010064412
158,VTX00065,3,0.001207729
158,VTX00067,18,0.007246377
158,VTX00069,5,0.002012882
158,VTX00074,2,8.05E-04
158,VTX00089,6,0.002415459
158,VTX00090,5,0.002012882
158,VTX00093,1,4.03E-04
158,VTX00096,2,8.05E-04
158,VTX00100,2,8.05E-04
158,VTX00113,144,0.057971014
158,VTX00114,29,0.011674718
158,VTX00115,7,0.002818035
158,VTX00117,3,0.001207729
158,VTX00128,17,0.0068438
158,VTX00130,25,0.010064412
158,VTX00137,1,4.03E-04
158,VTX00143,50,0.020128824
158,VTX00151,741,0.298309179
158,VTX00154,2,8.05E-04
158,VTX00155,46,0.018518519
158,VTX00156,2,8.05E-04
158,VTX00163,1,4.03E-04
158,VTX00166,7,0.002818035
158,VTX00187,2,8.05E-04
158,VTX00193,27,0.010869565
158,VTX00212,1,4.03E-04
158,VTX00214,12,0.004830918
158,VTX00268,13,0.005233494
158,VTX00276,26,0.010466989
158,VTX00281,22,0.008856683
158,VTX00293,60,0.024154589
158,VTX00304,2,8.05E-04
158,VTX00306,11,0.004428341
158,VTX00308,56,0.022544283
158,VTX00312,2,8.05E-04
158,VTX00329,6,0.002415459
158,VTX00331,459,0.184782609
158,VTX00332,14,0.005636071
158,VTX00348,4,0.001610306
158,VTX00356,84,0.033816425
158,VTX00362,1,4.03E-04
158,VTX00370,7,0.002818035
158,VTX00372,3,0.001207729
158,VTX00385,15,0.006038647
158,VTX00387,46,0.018518519
158,VTX00403,11,0.004428341
158,VTX00409,13,0.005233494
158,VTX00446,139,0.055958132
16,VTX00062,5,0.055555556
16,VTX00151,18,0.2
16,VTX00160,5,0.055555556
16,VTX00177,11,0.122222222
16,VTX00329,2,0.022222222
16,VTX00331,1,0.011111111
16,VTX00348,2,0.022222222
16,VTX00403,13,0.144444444
16,VTX00446,33,0.366666667
17,VTX00062,2,5.20E-04
17,VTX00063,261,0.067862715
17,VTX00064,174,0.04524181
17,VTX00067,41,0.010660426
17,VTX00069,23,0.005980239
17,VTX00074,8,0.002080083
17,VTX00088,6,0.001560062
17,VTX00089,6,0.001560062
17,VTX00090,27,0.007020281
17,VTX00092,31,0.008060322
17,VTX00093,17,0.004420177
17,VTX00096,17,0.004420177
17,VTX00100,9,0.002340094
17,VTX00105,5,0.001300052
17,VTX00108,12,0.003120125
17,VTX00113,570,0.148205928
17,VTX00114,109,0.028341134
17,VTX00115,130,0.033801352
17,VTX00117,2,5.20E-04
17,VTX00128,21,0.005460218
17,VTX00130,120,0.031201248
17,VTX00135,17,0.004420177
17,VTX00137,11,0.002860114
17,VTX00140,3,7.80E-04
17,VTX00142,2,5.20E-04
17,VTX00143,90,0.023400936
17,VTX00151,125,0.0325013
17,VTX00153,6,0.001560062
17,VTX00154,10,0.002600104
17,VTX00155,59,0.015340614
17,VTX00156,37,0.009620385
17,VTX00160,62,0.016120645
17,VTX00163,48,0.012480499
17,VTX00166,17,0.004420177
17,VTX00167,9,0.002340094
17,VTX00177,1,2.60E-04
17,VTX00185,8,0.002080083
17,VTX00186,21,0.005460218
17,VTX00193,50,0.01300052
17,VTX00194,41,0.010660426
17,VTX00197,2,5.20E-04
17,VTX00212,21,0.005460218
17,VTX00214,201,0.05226209
17,VTX00219,2,5.20E-04
17,VTX00225,5,0.001300052
17,VTX00247,8,0.002080083
17,VTX00256,7,0.001820073
17,VTX00268,59,0.015340614
17,VTX00276,75,0.01950078
17,VTX00281,24,0.00624025
17,VTX00286,4,0.001040042
17,VTX00293,100,0.02600104
17,VTX00295,21,0.005460218
17,VTX00301,9,0.002340094
17,VTX00304,19,0.004940198
17,VTX00305,68,0.017680707
17,VTX00306,2,5.20E-04
17,VTX00312,10,0.002600104
17,VTX00315,20,0.005200208
17,VTX00329,41,0.010660426
17,VTX00331,35,0.009100364
17,VTX00332,9,0.002340094
17,VTX00342,53,0.013780551
17,VTX00345,15,0.003900156
17,VTX00348,8,0.002080083
17,VTX00356,29,0.007540302
17,VTX00362,86,0.022360894
17,VTX00366,11,0.002860114
17,VTX00367,3,7.80E-04
17,VTX00370,76,0.01976079
17,VTX00372,2,5.20E-04
17,VTX00385,37,0.009620385
17,VTX00387,102,0.026521061
17,VTX00403,11,0.002860114
17,VTX00409,16,0.004160166
17,VTX00439,9,0.002340094
17,VTX00446,438,0.113884555
18,VTX00062,46,0.010215412
18,VTX00063,159,0.035309793
18,VTX00064,6,0.001332445
18,VTX00067,47,0.010437486
18,VTX00069,13,0.002886964
18,VTX00074,3,6.66E-04
18,VTX00088,4,8.88E-04
18,VTX00089,38,0.008438819
18,VTX00090,50,0.011103709
18,VTX00092,4,8.88E-04
18,VTX00105,2,4.44E-04
18,VTX00108,8,0.001776593
18,VTX00113,873,0.193870753
18,VTX00114,137,0.030424162
18,VTX00115,35,0.007772596
18,VTX00128,30,0.006662225
18,VTX00130,129,0.028647568
18,VTX00135,1,2.22E-04
18,VTX00137,7,0.001554519
18,VTX00140,3,6.66E-04
18,VTX00142,6,0.001332445
18,VTX00143,191,0.042416167
18,VTX00151,334,0.074172774
18,VTX00153,12,0.00266489
18,VTX00155,143,0.031756607
18,VTX00160,7,0.001554519
18,VTX00163,64,0.014212747
18,VTX00166,81,0.017988008
18,VTX00167,3,6.66E-04
18,VTX00177,78,0.017321785
18,VTX00186,1,2.22E-04
18,VTX00187,3,6.66E-04
18,VTX00193,169,0.037530535
18,VTX00194,2,4.44E-04
18,VTX00197,51,0.011325783
18,VTX00199,93,0.020652898
18,VTX00214,257,0.057073062
18,VTX00225,2,4.44E-04
18,VTX00256,5,0.001110371
18,VTX00268,194,0.04308239
18,VTX00276,60,0.01332445
18,VTX00286,21,0.004663558
18,VTX00293,50,0.011103709
18,VTX00295,3,6.66E-04
18,VTX00304,3,6.66E-04
18,VTX00305,4,8.88E-04
18,VTX00306,30,0.006662225
18,VTX00312,2,4.44E-04
18,VTX00329,12,0.00266489
18,VTX00331,181,0.040195425
18,VTX00332,6,0.001332445
18,VTX00342,72,0.01598934
18,VTX00345,2,4.44E-04
18,VTX00356,25,0.005551854
18,VTX00362,10,0.002220742
18,VTX00366,4,8.88E-04
18,VTX00367,5,0.001110371
18,VTX00370,70,0.015545192
18,VTX00372,2,4.44E-04
18,VTX00385,57,0.012658228
18,VTX00387,190,0.042194093
18,VTX00396,3,6.66E-04
18,VTX00403,33,0.007328448
18,VTX00409,7,0.001554519
18,VTX00446,360,0.079946702
203,VTX00062,75,0.008662509
203,VTX00063,733,0.084661585
203,VTX00064,75,0.008662509
203,VTX00065,8,9.24E-04
203,VTX00067,63,0.007276507
203,VTX00069,42,0.004851005
203,VTX00088,4,4.62E-04
203,VTX00089,37,0.004273504
203,VTX00090,30,0.003465003
203,VTX00092,3,3.47E-04
203,VTX00093,1,1.16E-04
203,VTX00100,5,5.78E-04
203,VTX00105,6,6.93E-04
203,VTX00108,2,2.31E-04
203,VTX00113,653,0.075421575
203,VTX00114,126,0.014553015
203,VTX00115,37,0.004273504
203,VTX00117,4,4.62E-04
203,VTX00128,33,0.003811504
203,VTX00130,154,0.017787018
203,VTX00135,4,4.62E-04
203,VTX00137,11,0.001270501
203,VTX00140,21,0.002425502
203,VTX00142,8,9.24E-04
203,VTX00143,260,0.03003003
203,VTX00151,1918,0.221529222
203,VTX00153,36,0.004158004
203,VTX00154,4,4.62E-04
203,VTX00155,240,0.027720028
203,VTX00156,4,4.62E-04
203,VTX00160,287,0.033148533
203,VTX00163,230,0.026565027
203,VTX00166,244,0.028182028
203,VTX00167,8,9.24E-04
203,VTX00177,2,2.31E-04
203,VTX00186,6,6.93E-04
203,VTX00187,13,0.001501502
203,VTX00193,311,0.035920536
203,VTX00194,2,2.31E-04
203,VTX00197,2,2.31E-04
203,VTX00199,15,0.001732502
203,VTX00212,1,1.16E-04
203,VTX00214,39,0.004504505
203,VTX00219,17,0.001963502
203,VTX00225,2,2.31E-04
203,VTX00248,4,4.62E-04
203,VTX00256,4,4.62E-04
203,VTX00268,158,0.018249018
203,VTX00276,43,0.004966505
203,VTX00281,32,0.003696004
203,VTX00286,22,0.002541003
203,VTX00293,95,0.010972511
203,VTX00295,3,3.47E-04
203,VTX00305,5,5.78E-04
203,VTX00306,86,0.00993301
203,VTX00312,8,9.24E-04
203,VTX00315,17,0.001963502
203,VTX00329,310,0.035805036
203,VTX00331,934,0.107877108
203,VTX00332,47,0.005428505
203,VTX00342,150,0.017325017
203,VTX00345,4,4.62E-04
203,VTX00348,44,0.005082005
203,VTX00356,111,0.012820513
203,VTX00362,8,9.24E-04
203,VTX00367,10,0.001155001
203,VTX00370,11,0.001270501
203,VTX00372,3,3.47E-04
203,VTX00385,73,0.008431508
203,VTX00387,177,0.02044352
203,VTX00396,26,0.003003003
203,VTX00403,53,0.006121506
203,VTX00409,32,0.003696004
203,VTX00446,412,0.047586048
210,VTX00062,124,0.031305226
210,VTX00063,260,0.06563999
210,VTX00064,188,0.047462762
210,VTX00067,32,0.008078768
210,VTX00069,19,0.004796768
210,VTX00074,2,5.05E-04
210,VTX00089,5,0.001262307
210,VTX00090,5,0.001262307
210,VTX00117,5,0.001262307
210,VTX00128,29,0.007321383
210,VTX00130,73,0.018429689
210,VTX00137,3,7.57E-04
210,VTX00140,4,0.001009846
210,VTX00142,2,5.05E-04
210,VTX00143,219,0.055289068
210,VTX00151,595,0.150214592
210,VTX00153,3,7.57E-04
210,VTX00154,2,5.05E-04
210,VTX00155,78,0.019691997
210,VTX00156,5,0.001262307
210,VTX00163,3,7.57E-04
210,VTX00166,10,0.002524615
210,VTX00167,2,5.05E-04
210,VTX00177,392,0.098964908
210,VTX00185,1,2.52E-04
210,VTX00187,3,7.57E-04
210,VTX00193,136,0.034334764
210,VTX00214,187,0.0472103
210,VTX00225,3,7.57E-04
210,VTX00268,26,0.006563999
210,VTX00276,230,0.058066145
210,VTX00286,4,0.001009846
210,VTX00293,54,0.013632921
210,VTX00306,93,0.023478919
210,VTX00312,3,7.57E-04
210,VTX00331,340,0.08583691
210,VTX00332,5,0.001262307
210,VTX00342,1,2.52E-04
210,VTX00356,32,0.008078768
210,VTX00367,2,5.05E-04
210,VTX00370,56,0.014137844
210,VTX00403,20,0.00504923
210,VTX00409,12,0.003029538
210,VTX00446,693,0.174955819
23,VTX00062,22,0.005166745
23,VTX00063,299,0.070220761
23,VTX00064,53,0.012447158
23,VTX00065,15,0.003522781
23,VTX00067,13,0.003053077
23,VTX00069,25,0.005871301
23,VTX00074,16,0.003757633
23,VTX00089,5,0.00117426
23,VTX00090,22,0.005166745
23,VTX00092,32,0.007515265
23,VTX00093,25,0.005871301
23,VTX00096,21,0.004931893
23,VTX00100,11,0.002583372
23,VTX00105,2,4.70E-04
23,VTX00108,7,0.001643964
23,VTX00113,557,0.130812588
23,VTX00114,144,0.033818694
23,VTX00115,127,0.029826209
23,VTX00128,16,0.003757633
23,VTX00130,51,0.011977454
23,VTX00135,2,4.70E-04
23,VTX00137,6,0.001409112
23,VTX00142,5,0.00117426
23,VTX00143,74,0.017379051
23,VTX00151,797,0.187177078
23,VTX00153,7,0.001643964
23,VTX00154,1,2.35E-04
23,VTX00155,39,0.00915923
23,VTX00156,14,0.003287929
23,VTX00160,14,0.003287929
23,VTX00163,8,0.001878816
23,VTX00166,6,0.001409112
23,VTX00167,7,0.001643964
23,VTX00185,2,4.70E-04
23,VTX00186,10,0.00234852
23,VTX00187,7,0.001643964
23,VTX00193,133,0.031235322
23,VTX00199,20,0.004697041
23,VTX00212,1,2.35E-04
23,VTX00219,3,7.05E-04
23,VTX00225,10,0.00234852
23,VTX00247,4,9.39E-04
23,VTX00248,3,7.05E-04
23,VTX00256,2,4.70E-04
23,VTX00268,72,0.016909347
23,VTX00276,50,0.011742602
23,VTX00281,146,0.034288398
23,VTX00286,11,0.002583372
23,VTX00293,90,0.021136684
23,VTX00295,21,0.004931893
23,VTX00301,3,7.05E-04
23,VTX00304,7,0.001643964
23,VTX00305,86,0.020197276
23,VTX00306,47,0.011038046
23,VTX00308,7,0.001643964
23,VTX00312,24,0.005636449
23,VTX00315,10,0.00234852
23,VTX00329,75,0.017613903
23,VTX00331,468,0.109910756
23,VTX00332,3,7.05E-04
23,VTX00342,39,0.00915923
23,VTX00345,20,0.004697041
23,VTX00348,4,9.39E-04
23,VTX00356,73,0.017144199
23,VTX00362,75,0.017613903
23,VTX00366,6,0.001409112
23,VTX00370,4,9.39E-04
23,VTX00385,35,0.008219822
23,VTX00387,144,0.033818694
23,VTX00403,19,0.004462189
23,VTX00409,23,0.005401597
23,VTX00439,5,0.00117426
23,VTX00446,53,0.012447158
235,VTX00062,123,0.009143622
235,VTX00063,564,0.041926851
235,VTX00064,308,0.022896224
235,VTX00065,17,0.001263753
235,VTX00067,270,0.020071365
235,VTX00069,30,0.002230152
235,VTX00074,7,5.20E-04
235,VTX00088,11,8.18E-04
235,VTX00089,86,0.006393101
235,VTX00090,95,0.007062147
235,VTX00092,6,4.46E-04
235,VTX00096,4,2.97E-04
235,VTX00100,8,5.95E-04
235,VTX00105,18,0.001338091
235,VTX00108,9,6.69E-04
235,VTX00113,1466,0.108980077
235,VTX00114,312,0.023193577
235,VTX00115,125,0.009292299
235,VTX00117,4,2.97E-04
235,VTX00128,77,0.005724056
235,VTX00130,974,0.07240559
235,VTX00135,2,1.49E-04
235,VTX00137,14,0.001040737
235,VTX00140,10,7.43E-04
235,VTX00142,3,2.23E-04
235,VTX00143,712,0.052928933
235,VTX00151,1012,0.075230449
235,VTX00153,53,0.003939935
235,VTX00154,4,2.97E-04
235,VTX00155,390,0.028991971
235,VTX00156,233,0.017320844
235,VTX00160,10,7.43E-04
235,VTX00163,160,0.011894142
235,VTX00166,197,0.014644663
235,VTX00167,11,8.18E-04
235,VTX00177,144,0.010704728
235,VTX00185,11,8.18E-04
235,VTX00186,2,1.49E-04
235,VTX00187,13,9.66E-04
235,VTX00193,501,0.037243533
235,VTX00194,10,7.43E-04
235,VTX00199,18,0.001338091
235,VTX00212,18,0.001338091
235,VTX00214,1076,0.079988106
235,VTX00219,11,8.18E-04
235,VTX00225,13,9.66E-04
235,VTX00247,4,2.97E-04
235,VTX00248,2,1.49E-04
235,VTX00256,12,8.92E-04
235,VTX00268,362,0.026910497
235,VTX00276,547,0.040663098
235,VTX00281,4,2.97E-04
235,VTX00286,12,8.92E-04
235,VTX00293,88,0.006541778
235,VTX00295,7,5.20E-04
235,VTX00301,2,1.49E-04
235,VTX00304,66,0.004906334
235,VTX00305,8,5.95E-04
235,VTX00306,106,0.007879869
235,VTX00312,11,8.18E-04
235,VTX00315,5,3.72E-04
235,VTX00329,6,4.46E-04
235,VTX00331,496,0.036871841
235,VTX00332,10,7.43E-04
235,VTX00342,108,0.008028546
235,VTX00345,19,0.001412429
235,VTX00356,92,0.006839132
235,VTX00362,34,0.002527505
235,VTX00366,6,4.46E-04
235,VTX00367,9,6.69E-04
235,VTX00370,360,0.02676182
235,VTX00372,12,8.92E-04
235,VTX00385,162,0.012042819
235,VTX00387,469,0.034864704
235,VTX00396,8,5.95E-04
235,VTX00403,46,0.003419566
235,VTX00409,18,0.001338091
235,VTX00439,3,2.23E-04
235,VTX00446,1216,0.09039548
240,VTX00062,23,0.004630562
240,VTX00063,125,0.025166096
240,VTX00064,158,0.031809946
240,VTX00065,5,0.001006644
240,VTX00067,72,0.014495671
240,VTX00069,10,0.002013288
240,VTX00089,2,4.03E-04
240,VTX00090,23,0.004630562
240,VTX00092,4,8.05E-04
240,VTX00093,1,2.01E-04
240,VTX00096,2,4.03E-04
240,VTX00105,2,4.03E-04
240,VTX00108,4,8.05E-04
240,VTX00113,528,0.10630159
240,VTX00114,116,0.023354137
240,VTX00115,33,0.006643849
240,VTX00117,1,2.01E-04
240,VTX00128,20,0.004026575
240,VTX00130,103,0.020736863
240,VTX00137,5,0.001006644
240,VTX00140,5,0.001006644
240,VTX00142,3,6.04E-04
240,VTX00143,117,0.023555466
240,VTX00151,977,0.196698208
240,VTX00153,6,0.001207973
240,VTX00155,101,0.020334206
240,VTX00160,21,0.004227904
240,VTX00163,85,0.017112945
240,VTX00166,74,0.014898329
240,VTX00177,2,4.03E-04
240,VTX00187,9,0.001811959
240,VTX00193,326,0.065633179
240,VTX00197,5,0.001006644
240,VTX00199,35,0.007046507
240,VTX00214,88,0.017716932
240,VTX00219,3,6.04E-04
240,VTX00225,2,4.03E-04
240,VTX00256,1,2.01E-04
240,VTX00268,45,0.009059795
240,VTX00276,171,0.03442722
240,VTX00281,2,4.03E-04
240,VTX00286,6,0.001207973
240,VTX00293,39,0.007851822
240,VTX00295,7,0.001409301
240,VTX00301,1,2.01E-04
240,VTX00306,24,0.00483189
240,VTX00308,2,4.03E-04
240,VTX00315,3,6.04E-04
240,VTX00329,86,0.017314274
240,VTX00331,476,0.095832494
240,VTX00332,1,2.01E-04
240,VTX00342,41,0.00825448
240,VTX00356,41,0.00825448
240,VTX00362,11,0.002214616
240,VTX00366,1,2.01E-04
240,VTX00370,40,0.008053151
240,VTX00372,3,6.04E-04
240,VTX00385,61,0.012281055
240,VTX00387,213,0.042883028
240,VTX00396,3,6.04E-04
240,VTX00403,12,0.002415945
240,VTX00409,14,0.002818603
240,VTX00446,567,0.114153413
248,VTX00062,60,0.009289364
248,VTX00063,313,0.048459514
248,VTX00064,167,0.025855396
248,VTX00065,11,0.00170305
248,VTX00067,72,0.011147236
248,VTX00069,51,0.007895959
248,VTX00074,18,0.002786809
248,VTX00088,48,0.007431491
248,VTX00089,93,0.014398514
248,VTX00090,42,0.006502555
248,VTX00092,1,1.55E-04
248,VTX00105,4,6.19E-04
248,VTX00108,3,4.64E-04
248,VTX00113,420,0.065025546
248,VTX00114,66,0.0102183
248,VTX00115,25,0.003870568
248,VTX00117,5,7.74E-04
248,VTX00128,22,0.0034061
248,VTX00130,213,0.032977241
248,VTX00135,1,1.55E-04
248,VTX00137,11,0.00170305
248,VTX00140,2,3.10E-04
248,VTX00142,10,0.001548227
248,VTX00143,131,0.020281777
248,VTX00151,665,0.102957114
248,VTX00153,6,9.29E-04
248,VTX00154,4,6.19E-04
248,VTX00155,306,0.047375755
248,VTX00156,278,0.043040718
248,VTX00163,20,0.003096455
248,VTX00166,19,0.002941632
248,VTX00177,5,7.74E-04
248,VTX00186,4,6.19E-04
248,VTX00187,16,0.002477164
248,VTX00193,307,0.047530577
248,VTX00194,2,3.10E-04
248,VTX00212,2,3.10E-04
248,VTX00214,262,0.040563555
248,VTX00219,23,0.003560923
248,VTX00247,1,1.55E-04
248,VTX00248,6,9.29E-04
248,VTX00256,16,0.002477164
248,VTX00268,307,0.047530577
248,VTX00276,82,0.012695464
248,VTX00286,36,0.005573618
248,VTX00293,78,0.012076173
248,VTX00295,2,3.10E-04
248,VTX00301,2,3.10E-04
248,VTX00304,78,0.012076173
248,VTX00305,1,1.55E-04
248,VTX00306,76,0.011766527
248,VTX00308,1,1.55E-04
248,VTX00312,28,0.004335036
248,VTX00329,48,0.007431491
248,VTX00331,418,0.0647159
248,VTX00332,9,0.001393405
248,VTX00342,5,7.74E-04
248,VTX00356,48,0.007431491
248,VTX00367,13,0.002012695
248,VTX00370,113,0.017494968
248,VTX00372,6,9.29E-04
248,VTX00385,45,0.006967023
248,VTX00387,107,0.016566032
248,VTX00396,1,1.55E-04
248,VTX00403,43,0.006657377
248,VTX00409,31,0.004799505
248,VTX00446,1150,0.178046137
254,VTX00062,53,0.008196721
254,VTX00063,256,0.03959171
254,VTX00064,171,0.026446025
254,VTX00065,11,0.001701206
254,VTX00067,112,0.017321373
254,VTX00069,7,0.001082586
254,VTX00074,2,3.09E-04
254,VTX00088,2,3.09E-04
254,VTX00089,19,0.002938447
254,VTX00090,31,0.004794309
254,VTX00093,3,4.64E-04
254,VTX00108,7,0.001082586
254,VTX00113,648,0.100216517
254,VTX00114,139,0.021497062
254,VTX00115,43,0.00665017
254,VTX00128,62,0.009588617
254,VTX00130,295,0.04562326
254,VTX00137,14,0.002165172
254,VTX00140,13,0.002010517
254,VTX00142,2,3.09E-04
254,VTX00143,348,0.053819981
254,VTX00151,767,0.118620476
254,VTX00153,45,0.00695948
254,VTX00154,4,6.19E-04
254,VTX00155,215,0.033250851
254,VTX00156,66,0.010207238
254,VTX00160,40,0.006186205
254,VTX00163,192,0.029693783
254,VTX00166,163,0.025208784
254,VTX00167,4,6.19E-04
254,VTX00177,17,0.002629137
254,VTX00185,8,0.001237241
254,VTX00186,5,7.73E-04
254,VTX00187,11,0.001701206
254,VTX00193,334,0.05165481
254,VTX00194,5,7.73E-04
254,VTX00199,17,0.002629137
254,VTX00212,8,0.001237241
254,VTX00214,266,0.041138262
254,VTX00219,2,3.09E-04
254,VTX00225,7,0.001082586
254,VTX00256,9,0.001391896
254,VTX00268,57,0.008815342
254,VTX00276,89,0.013764306
254,VTX00281,2,3.09E-04
254,VTX00286,4,6.19E-04
254,VTX00293,59,0.009124652
254,VTX00295,2,3.09E-04
254,VTX00301,2,3.09E-04
254,VTX00304,12,0.001855861
254,VTX00305,4,6.19E-04
254,VTX00306,53,0.008196721
254,VTX00312,1,1.55E-04
254,VTX00315,5,7.73E-04
254,VTX00329,18,0.002783792
254,VTX00331,333,0.051500155
254,VTX00332,10,0.001546551
254,VTX00342,79,0.012217754
254,VTX00345,8,0.001237241
254,VTX00348,9,0.001391896
254,VTX00356,47,0.007268791
254,VTX00362,14,0.002165172
254,VTX00367,10,0.001546551
254,VTX00370,125,0.01933189
254,VTX00372,2,3.09E-04
254,VTX00385,77,0.011908444
254,VTX00387,195,0.030157748
254,VTX00396,4,6.19E-04
254,VTX00403,20,0.003093102
254,VTX00409,6,9.28E-04
254,VTX00446,796,0.123105475
260,VTX00062,26,0.005215647
260,VTX00063,203,0.040722166
260,VTX00064,109,0.021865597
260,VTX00065,2,4.01E-04
260,VTX00067,66,0.013239719
260,VTX00069,36,0.007221665
260,VTX00074,2,4.01E-04
260,VTX00088,7,0.001404213
260,VTX00089,84,0.016850552
260,VTX00090,41,0.008224674
260,VTX00092,6,0.001203611
260,VTX00100,3,6.02E-04
260,VTX00105,17,0.003410231
260,VTX00108,4,8.02E-04
260,VTX00113,669,0.134202608
260,VTX00114,109,0.021865597
260,VTX00115,55,0.011033099
260,VTX00117,2,4.01E-04
260,VTX00128,44,0.008826479
260,VTX00130,179,0.035907723
260,VTX00135,1,2.01E-04
260,VTX00137,23,0.004613842
260,VTX00140,9,0.001805416
260,VTX00142,1,2.01E-04
260,VTX00143,253,0.050752257
260,VTX00151,552,0.110732197
260,VTX00153,27,0.005416249
260,VTX00154,2,4.01E-04
260,VTX00155,228,0.045737212
260,VTX00156,5,0.001003009
260,VTX00160,5,0.001003009
260,VTX00163,131,0.026278837
260,VTX00166,136,0.027281846
260,VTX00167,7,0.001404213
260,VTX00177,2,4.01E-04
260,VTX00185,9,0.001805416
260,VTX00186,6,0.001203611
260,VTX00187,15,0.003009027
260,VTX00193,262,0.052557673
260,VTX00197,3,6.02E-04
260,VTX00199,14,0.002808425
260,VTX00214,190,0.038114343
260,VTX00219,7,0.001404213
260,VTX00225,4,8.02E-04
260,VTX00248,3,6.02E-04
260,VTX00256,9,0.001805416
260,VTX00268,246,0.049348044
260,VTX00276,113,0.022668004
260,VTX00281,6,0.001203611
260,VTX00286,12,0.002407222
260,VTX00293,23,0.004613842
260,VTX00295,3,6.02E-04
260,VTX00304,3,6.02E-04
260,VTX00306,26,0.005215647
260,VTX00312,16,0.003209629
260,VTX00315,4,8.02E-04
260,VTX00329,57,0.011434303
260,VTX00331,252,0.050551655
260,VTX00332,2,4.01E-04
260,VTX00342,44,0.008826479
260,VTX00345,3,6.02E-04
260,VTX00356,41,0.008224674
260,VTX00362,7,0.001404213
260,VTX00367,14,0.002808425
260,VTX00370,85,0.017051153
260,VTX00372,2,4.01E-04
260,VTX00385,81,0.016248746
260,VTX00387,155,0.03109328
260,VTX00396,4,8.02E-04
260,VTX00403,34,0.006820461
260,VTX00409,25,0.005015045
260,VTX00446,159,0.031895687
261,VTX00062,49,0.017205056
261,VTX00063,210,0.073735955
261,VTX00064,133,0.046699438
261,VTX00065,12,0.004213483
261,VTX00067,40,0.014044944
261,VTX00074,2,7.02E-04
261,VTX00088,2,7.02E-04
261,VTX00089,32,0.011235955
261,VTX00090,15,0.005266854
261,VTX00096,1,3.51E-04
261,VTX00108,5,0.001755618
261,VTX00113,191,0.067064607
261,VTX00114,9,0.003160112
261,VTX00115,4,0.001404494
261,VTX00128,28,0.009831461
261,VTX00130,58,0.020365169
261,VTX00137,4,0.001404494
261,VTX00140,3,0.001053371
261,VTX00143,165,0.057935393
261,VTX00151,187,0.065660112
261,VTX00153,1,3.51E-04
261,VTX00154,2,7.02E-04
261,VTX00155,109,0.038272472
261,VTX00156,38,0.013342697
261,VTX00160,1,3.51E-04
261,VTX00163,20,0.007022472
261,VTX00166,47,0.016502809
261,VTX00167,7,0.002457865
261,VTX00177,10,0.003511236
261,VTX00186,1,3.51E-04
261,VTX00187,1,3.51E-04
261,VTX00193,169,0.059339888
261,VTX00194,1,3.51E-04
261,VTX00199,3,0.001053371
261,VTX00212,4,0.001404494
261,VTX00214,34,0.011938202
261,VTX00219,2,7.02E-04
261,VTX00248,4,0.001404494
261,VTX00256,2,7.02E-04
261,VTX00268,59,0.020716292
261,VTX00276,130,0.045646067
261,VTX00281,6,0.002106742
261,VTX00286,10,0.003511236
261,VTX00293,99,0.034761236
261,VTX00301,1,3.51E-04
261,VTX00304,7,0.002457865
261,VTX00306,31,0.010884831
261,VTX00312,2,7.02E-04
261,VTX00315,2,7.02E-04
261,VTX00329,74,0.025983146
261,VTX00331,91,0.031952247
261,VTX00332,8,0.002808989
261,VTX00342,7,0.002457865
261,VTX00356,21,0.007373596
261,VTX00362,1,3.51E-04
261,VTX00367,6,0.002106742
261,VTX00370,54,0.018960674
261,VTX00372,6,0.002106742
261,VTX00385,15,0.005266854
261,VTX00387,87,0.030547753
261,VTX00403,19,0.006671348
261,VTX00409,9,0.003160112
261,VTX00446,497,0.174508427
264,VTX00062,35,0.008847321
264,VTX00063,356,0.089989889
264,VTX00064,422,0.106673407
264,VTX00065,2,5.06E-04
264,VTX00067,70,0.017694641
264,VTX00069,7,0.001769464
264,VTX00089,17,0.00429727
264,VTX00090,23,0.005813953
264,VTX00096,2,5.06E-04
264,VTX00108,1,2.53E-04
264,VTX00113,346,0.087462083
264,VTX00114,45,0.011375126
264,VTX00115,16,0.004044489
264,VTX00117,8,0.002022245
264,VTX00128,21,0.005308392
264,VTX00130,135,0.034125379
264,VTX00135,2,5.06E-04
264,VTX00137,12,0.003033367
264,VTX00140,16,0.004044489
264,VTX00142,5,0.001263903
264,VTX00143,167,0.042214358
264,VTX00151,187,0.04726997
264,VTX00153,14,0.003538928
264,VTX00154,4,0.001011122
264,VTX00155,111,0.028058645
264,VTX00160,2,5.06E-04
264,VTX00163,137,0.03463094
264,VTX00166,101,0.025530839
264,VTX00167,3,7.58E-04
264,VTX00177,47,0.011880688
264,VTX00185,3,7.58E-04
264,VTX00186,4,0.001011122
264,VTX00187,6,0.001516684
264,VTX00193,148,0.037411527
264,VTX00194,1,2.53E-04
264,VTX00199,34,0.00859454
264,VTX00212,2,5.06E-04
264,VTX00214,213,0.053842265
264,VTX00247,1,2.53E-04
264,VTX00248,2,5.06E-04
264,VTX00256,4,0.001011122
264,VTX00268,77,0.019464105
264,VTX00276,61,0.015419616
264,VTX00281,8,0.002022245
264,VTX00286,14,0.003538928
264,VTX00293,81,0.020475228
264,VTX00295,2,5.06E-04
264,VTX00304,4,0.001011122
264,VTX00306,40,0.010111223
264,VTX00312,6,0.001516684
264,VTX00315,9,0.002275025
264,VTX00329,4,0.001011122
264,VTX00331,75,0.018958544
264,VTX00332,8,0.002022245
264,VTX00342,44,0.011122346
264,VTX00356,19,0.004802831
264,VTX00362,6,0.001516684
264,VTX00366,1,2.53E-04
264,VTX00367,4,0.001011122
264,VTX00370,57,0.014408493
264,VTX00372,4,0.001011122
264,VTX00385,21,0.005308392
264,VTX00387,68,0.01718908
264,VTX00403,13,0.003286148
264,VTX00409,13,0.003286148
264,VTX00446,585,0.147876643
279,VTX00062,59,0.007509227
279,VTX00063,325,0.041364388
279,VTX00064,392,0.049891816
279,VTX00065,8,0.0010182
279,VTX00067,82,0.010436553
279,VTX00069,12,0.0015273
279,VTX00074,3,3.82E-04
279,VTX00088,4,5.09E-04
279,VTX00089,20,0.002545501
279,VTX00090,63,0.008018328
279,VTX00092,5,6.36E-04
279,VTX00096,4,5.09E-04
279,VTX00100,12,0.0015273
279,VTX00105,8,0.0010182
279,VTX00108,6,7.64E-04
279,VTX00113,1466,0.186585211
279,VTX00114,314,0.039964363
279,VTX00115,113,0.01438208
279,VTX00117,6,7.64E-04
279,VTX00128,37,0.004709177
279,VTX00130,216,0.027491409
279,VTX00135,4,5.09E-04
279,VTX00137,16,0.002036401
279,VTX00140,14,0.001781851
279,VTX00142,2,2.55E-04
279,VTX00143,264,0.033600611
279,VTX00151,596,0.075855925
279,VTX00153,32,0.004072801
279,VTX00154,2,2.55E-04
279,VTX00155,146,0.018582156
279,VTX00156,238,0.03029146
279,VTX00160,30,0.003818251
279,VTX00163,189,0.024054983
279,VTX00166,133,0.016927581
279,VTX00167,3,3.82E-04
279,VTX00177,8,0.0010182
279,VTX00185,5,6.36E-04
279,VTX00186,3,3.82E-04
279,VTX00187,4,5.09E-04
279,VTX00193,292,0.037164312
279,VTX00199,19,0.002418226
279,VTX00212,2,2.55E-04
279,VTX00214,372,0.047346315
279,VTX00225,2,2.55E-04
279,VTX00247,1,1.27E-04
279,VTX00268,98,0.012472954
279,VTX00276,80,0.010182003
279,VTX00281,12,0.0015273
279,VTX00286,6,7.64E-04
279,VTX00293,61,0.007763778
279,VTX00295,7,8.91E-04
279,VTX00301,3,3.82E-04
279,VTX00304,55,0.007000127
279,VTX00305,8,0.0010182
279,VTX00306,75,0.009545628
279,VTX00312,8,0.0010182
279,VTX00315,1,1.27E-04
279,VTX00329,27,0.003436426
279,VTX00331,285,0.036273387
279,VTX00332,18,0.002290951
279,VTX00342,60,0.007636502
279,VTX00345,10,0.00127275
279,VTX00348,40,0.005091002
279,VTX00356,51,0.006491027
279,VTX00362,33,0.004200076
279,VTX00366,5,6.36E-04
279,VTX00367,2,2.55E-04
279,VTX00370,135,0.017182131
279,VTX00372,2,2.55E-04
279,VTX00385,137,0.017436681
279,VTX00387,355,0.04518264
279,VTX00396,1,1.27E-04
279,VTX00403,16,0.002036401
279,VTX00409,9,0.001145475
279,VTX00446,725,0.092274405
283,VTX00062,30,0.007696254
283,VTX00063,456,0.116983068
283,VTX00064,44,0.01128784
283,VTX00065,9,0.002308876
283,VTX00067,62,0.015905593
283,VTX00069,12,0.003078502
283,VTX00074,4,0.001026167
283,VTX00088,2,5.13E-04
283,VTX00089,7,0.001795793
283,VTX00090,35,0.008978964
283,VTX00093,2,5.13E-04
283,VTX00100,1,2.57E-04
283,VTX00113,307,0.078758338
283,VTX00114,50,0.012827091
283,VTX00115,4,0.001026167
283,VTX00117,6,0.001539251
283,VTX00128,22,0.00564392
283,VTX00130,106,0.027193433
283,VTX00137,4,0.001026167
283,VTX00140,2,5.13E-04
283,VTX00142,10,0.002565418
283,VTX00143,96,0.024628014
283,VTX00151,901,0.231144177
283,VTX00153,1,2.57E-04
283,VTX00155,90,0.023088763
283,VTX00156,127,0.032580811
283,VTX00160,2,5.13E-04
283,VTX00163,5,0.001282709
283,VTX00166,15,0.003848127
283,VTX00177,4,0.001026167
283,VTX00185,2,5.13E-04
283,VTX00187,6,0.001539251
283,VTX00193,165,0.0423294
283,VTX00194,2,5.13E-04
283,VTX00212,3,7.70E-04
283,VTX00214,24,0.006157004
283,VTX00219,6,0.001539251
283,VTX00225,10,0.002565418
283,VTX00268,75,0.019240636
283,VTX00276,20,0.005130836
283,VTX00281,13,0.003335044
283,VTX00286,23,0.005900462
283,VTX00293,140,0.035915854
283,VTX00295,2,5.13E-04
283,VTX00301,5,0.001282709
283,VTX00304,17,0.004361211
283,VTX00306,44,0.01128784
283,VTX00308,2,5.13E-04
283,VTX00312,11,0.00282196
283,VTX00329,2,5.13E-04
283,VTX00331,574,0.147255003
283,VTX00332,16,0.004104669
283,VTX00356,67,0.017188302
283,VTX00362,7,0.001795793
283,VTX00366,2,5.13E-04
283,VTX00367,6,0.001539251
283,VTX00370,16,0.004104669
283,VTX00385,35,0.008978964
283,VTX00387,55,0.0141098
283,VTX00403,19,0.004874295
283,VTX00409,46,0.011800924
283,VTX00446,67,0.017188302
286,VTX00062,84,0.010353753
286,VTX00063,1075,0.13250339
286,VTX00064,45,0.005546654
286,VTX00065,33,0.004067546
286,VTX00067,113,0.013928263
286,VTX00069,103,0.012695674
286,VTX00074,17,0.002095402
286,VTX00088,33,0.004067546
286,VTX00089,91,0.011216566
286,VTX00090,4,4.93E-04
286,VTX00100,1,1.23E-04
286,VTX00108,5,6.16E-04
286,VTX00113,116,0.01429804
286,VTX00114,15,0.001848885
286,VTX00115,2,2.47E-04
286,VTX00117,8,9.86E-04
286,VTX00128,3,3.70E-04
286,VTX00130,206,0.025391347
286,VTX00137,4,4.93E-04
286,VTX00140,2,2.47E-04
286,VTX00142,16,0.001972143
286,VTX00143,88,0.010846789
286,VTX00151,2191,0.270060397
286,VTX00153,11,0.001355849
286,VTX00154,3,3.70E-04
286,VTX00155,268,0.033033403
286,VTX00156,1,1.23E-04
286,VTX00160,2,2.47E-04
286,VTX00163,70,0.008628128
286,VTX00166,109,0.013435227
286,VTX00167,2,2.47E-04
286,VTX00177,5,6.16E-04
286,VTX00185,3,3.70E-04
286,VTX00186,1,1.23E-04
286,VTX00187,15,0.001848885
286,VTX00193,129,0.015900407
286,VTX00194,3,3.70E-04
286,VTX00212,7,8.63E-04
286,VTX00214,222,0.027363491
286,VTX00219,28,0.003451251
286,VTX00225,3,3.70E-04
286,VTX00247,4,4.93E-04
286,VTX00248,6,7.40E-04
286,VTX00256,15,0.001848885
286,VTX00268,102,0.012572415
286,VTX00276,201,0.024775052
286,VTX00281,5,6.16E-04
286,VTX00286,17,0.002095402
286,VTX00293,136,0.01676322
286,VTX00295,2,2.47E-04
286,VTX00306,61,0.007518797
286,VTX00312,31,0.003821028
286,VTX00315,5,6.16E-04
286,VTX00329,21,0.002588438
286,VTX00331,1160,0.142980402
286,VTX00332,37,0.004560582
286,VTX00342,96,0.011832861
286,VTX00348,22,0.002711697
286,VTX00356,161,0.019844694
286,VTX00362,1,1.23E-04
286,VTX00367,9,0.001109331
286,VTX00370,84,0.010353753
286,VTX00372,25,0.003081474
286,VTX00385,8,9.86E-04
286,VTX00387,20,0.002465179
286,VTX00396,13,0.001602367
286,VTX00403,144,0.017749291
286,VTX00409,101,0.012449156
286,VTX00439,2,2.47E-04
286,VTX00446,487,0.060027117
287,VTX00062,36,0.008142954
287,VTX00063,735,0.166251979
287,VTX00064,43,0.009726306
287,VTX00065,8,0.001809545
287,VTX00067,48,0.010857272
287,VTX00069,55,0.012440624
287,VTX00074,4,9.05E-04
287,VTX00088,6,0.001357159
287,VTX00089,45,0.010178693
287,VTX00090,24,0.005428636
287,VTX00113,184,0.041619543
287,VTX00114,26,0.005881022
287,VTX00117,6,0.001357159
287,VTX00128,6,0.001357159
287,VTX00130,75,0.016964488
287,VTX00137,4,9.05E-04
287,VTX00140,4,9.05E-04
287,VTX00142,8,0.001809545
287,VTX00143,80,0.018095454
287,VTX00151,786,0.177787831
287,VTX00153,2,4.52E-04
287,VTX00154,1,2.26E-04
287,VTX00155,151,0.034155169
287,VTX00156,60,0.01357159
287,VTX00160,157,0.035512328
287,VTX00163,42,0.009500113
287,VTX00166,59,0.013345397
287,VTX00187,9,0.002035739
287,VTX00193,81,0.018321647
287,VTX00194,2,4.52E-04
287,VTX00199,10,0.002261932
287,VTX00212,3,6.79E-04
287,VTX00214,20,0.004523863
287,VTX00219,14,0.003166704
287,VTX00225,2,4.52E-04
287,VTX00247,1,2.26E-04
287,VTX00248,2,4.52E-04
287,VTX00256,22,0.00497625
287,VTX00268,129,0.029178919
287,VTX00276,31,0.007011988
287,VTX00281,145,0.03279801
287,VTX00286,14,0.003166704
287,VTX00293,71,0.016059715
287,VTX00304,22,0.00497625
287,VTX00305,2,4.52E-04
287,VTX00306,50,0.011309658
287,VTX00308,3,6.79E-04
287,VTX00312,23,0.005202443
287,VTX00329,101,0.02284551
287,VTX00331,565,0.12779914
287,VTX00332,22,0.00497625
287,VTX00342,66,0.014928749
287,VTX00348,12,0.002714318
287,VTX00356,82,0.01854784
287,VTX00362,2,4.52E-04
287,VTX00366,1,2.26E-04
287,VTX00367,6,0.001357159
287,VTX00370,8,0.001809545
287,VTX00372,4,9.05E-04
287,VTX00385,16,0.003619091
287,VTX00387,30,0.006785795
287,VTX00396,7,0.001583352
287,VTX00403,54,0.012214431
287,VTX00409,59,0.013345397
287,VTX00446,75,0.016964488
304,VTX00062,89,0.013949843
304,VTX00063,709,0.111128527
304,VTX00064,451,0.070689655
304,VTX00065,4,6.27E-04
304,VTX00067,144,0.022570533
304,VTX00069,10,0.001567398
304,VTX00074,2,3.13E-04
304,VTX00088,18,0.002821317
304,VTX00089,45,0.007053292
304,VTX00090,9,0.001410658
304,VTX00105,4,6.27E-04
304,VTX00108,5,7.84E-04
304,VTX00113,21,0.003291536
304,VTX00115,1,1.57E-04
304,VTX00117,3,4.70E-04
304,VTX00128,112,0.017554859
304,VTX00130,400,0.062695925
304,VTX00135,3,4.70E-04
304,VTX00137,2,3.13E-04
304,VTX00140,13,0.002037618
304,VTX00142,2,3.13E-04
304,VTX00143,600,0.094043887
304,VTX00151,459,0.071943574
304,VTX00153,16,0.002507837
304,VTX00154,2,3.13E-04
304,VTX00155,257,0.040282132
304,VTX00156,12,0.001880878
304,VTX00160,10,0.001567398
304,VTX00163,169,0.026489028
304,VTX00166,168,0.026332288
304,VTX00167,10,0.001567398
304,VTX00177,15,0.002351097
304,VTX00185,6,9.40E-04
304,VTX00186,4,6.27E-04
304,VTX00187,7,0.001097179
304,VTX00193,448,0.070219436
304,VTX00194,3,4.70E-04
304,VTX00197,32,0.005015674
304,VTX00199,109,0.017084639
304,VTX00212,5,7.84E-04
304,VTX00214,397,0.062225705
304,VTX00219,2,3.13E-04
304,VTX00247,2,3.13E-04
304,VTX00248,4,6.27E-04
304,VTX00256,3,4.70E-04
304,VTX00268,180,0.028213166
304,VTX00276,108,0.0169279
304,VTX00281,16,0.002507837
304,VTX00286,10,0.001567398
304,VTX00293,123,0.019278997
304,VTX00295,4,6.27E-04
304,VTX00301,8,0.001253918
304,VTX00304,4,6.27E-04
304,VTX00306,159,0.02492163
304,VTX00312,5,7.84E-04
304,VTX00315,19,0.002978056
304,VTX00329,10,0.001567398
304,VTX00331,270,0.042319749
304,VTX00332,53,0.00830721
304,VTX00342,118,0.018495298
304,VTX00356,44,0.006896552
304,VTX00362,2,3.13E-04
304,VTX00367,7,0.001097179
304,VTX00370,123,0.019278997
304,VTX00372,5,7.84E-04
304,VTX00396,13,0.002037618
304,VTX00403,32,0.005015674
304,VTX00409,31,0.004858934
304,VTX00446,249,0.039028213
308,VTX00062,8,0.002919708
308,VTX00063,95,0.034671533
308,VTX00064,168,0.061313869
308,VTX00067,22,0.008029197
308,VTX00069,6,0.002189781
308,VTX00088,4,0.001459854
308,VTX00089,4,0.001459854
308,VTX00090,26,0.009489051
308,VTX00093,1,3.65E-04
308,VTX00100,2,7.30E-04
308,VTX00108,1,3.65E-04
308,VTX00113,572,0.208759124
308,VTX00114,99,0.036131387
308,VTX00115,37,0.01350365
308,VTX00128,8,0.002919708
308,VTX00130,87,0.031751825
308,VTX00137,3,0.001094891
308,VTX00140,4,0.001459854
308,VTX00143,64,0.023357664
308,VTX00151,423,0.154379562
308,VTX00153,6,0.002189781
308,VTX00155,43,0.015693431
308,VTX00163,48,0.017518248
308,VTX00166,34,0.012408759
308,VTX00167,4,0.001459854
308,VTX00187,4,0.001459854
308,VTX00193,66,0.024087591
308,VTX00194,2,7.30E-04
308,VTX00199,7,0.002554745
308,VTX00212,1,3.65E-04
308,VTX00214,157,0.05729927
308,VTX00219,2,7.30E-04
308,VTX00268,19,0.006934307
308,VTX00276,101,0.036861314
308,VTX00293,19,0.006934307
308,VTX00295,4,0.001459854
308,VTX00305,3,0.001094891
308,VTX00306,18,0.006569343
308,VTX00312,1,3.65E-04
308,VTX00331,168,0.061313869
308,VTX00332,4,0.001459854
308,VTX00342,18,0.006569343
308,VTX00345,5,0.001824818
308,VTX00356,12,0.004379562
308,VTX00362,6,0.002189781
308,VTX00366,4,0.001459854
308,VTX00370,57,0.02080292
308,VTX00385,64,0.023357664
308,VTX00387,125,0.045620438
308,VTX00403,2,7.30E-04
308,VTX00409,4,0.001459854
308,VTX00446,98,0.035766423
309,VTX00062,169,0.018297964
309,VTX00063,1313,0.142161109
309,VTX00064,30,0.003248159
309,VTX00065,48,0.005197055
309,VTX00067,90,0.009744478
309,VTX00069,162,0.017540061
309,VTX00074,10,0.00108272
309,VTX00088,7,7.58E-04
309,VTX00089,75,0.008120398
309,VTX00090,46,0.004980511
309,VTX00113,103,0.011152014
309,VTX00114,12,0.001299264
309,VTX00115,2,2.17E-04
309,VTX00117,8,8.66E-04
309,VTX00128,9,9.74E-04
309,VTX00130,496,0.053702902
309,VTX00137,4,4.33E-04
309,VTX00140,5,5.41E-04
309,VTX00142,5,5.41E-04
309,VTX00143,194,0.021004764
309,VTX00151,2063,0.223365093
309,VTX00153,15,0.00162408
309,VTX00154,5,5.41E-04
309,VTX00155,248,0.026851451
309,VTX00156,54,0.005846687
309,VTX00160,132,0.014291901
309,VTX00163,117,0.012667822
309,VTX00166,100,0.010827198
309,VTX00167,2,2.17E-04
309,VTX00177,6,6.50E-04
309,VTX00185,3,3.25E-04
309,VTX00187,10,0.00108272
309,VTX00193,171,0.018514508
309,VTX00194,12,0.001299264
309,VTX00199,12,0.001299264
309,VTX00212,5,5.41E-04
309,VTX00214,318,0.034430489
309,VTX00219,16,0.001732352
309,VTX00225,11,0.001190992
309,VTX00248,36,0.003897791
309,VTX00256,17,0.001840624
309,VTX00268,179,0.019380684
309,VTX00276,288,0.03118233
309,VTX00281,18,0.001948896
309,VTX00286,43,0.004655695
309,VTX00293,101,0.01093547
309,VTX00295,2,2.17E-04
309,VTX00304,11,0.001190992
309,VTX00306,216,0.023386748
309,VTX00308,2,2.17E-04
309,VTX00312,27,0.002923343
309,VTX00315,5,5.41E-04
309,VTX00329,87,0.009419662
309,VTX00331,1049,0.113577306
309,VTX00332,60,0.006496319
309,VTX00342,94,0.010177566
309,VTX00348,7,7.58E-04
309,VTX00356,131,0.014183629
309,VTX00362,2,2.17E-04
309,VTX00367,2,2.17E-04
309,VTX00370,60,0.006496319
309,VTX00372,2,2.17E-04
309,VTX00385,2,2.17E-04
309,VTX00387,13,0.001407536
309,VTX00396,14,0.001515808
309,VTX00403,121,0.013100909
309,VTX00409,142,0.015374621
309,VTX00439,1,1.08E-04
309,VTX00446,416,0.045041143
312,VTX00062,16,0.011627907
312,VTX00063,21,0.015261628
312,VTX00064,12,0.00872093
312,VTX00067,11,0.007994186
312,VTX00069,7,0.005087209
312,VTX00074,3,0.002180233
312,VTX00088,2,0.001453488
312,VTX00089,12,0.00872093
312,VTX00113,22,0.015988372
312,VTX00115,4,0.002906977
312,VTX00117,1,7.27E-04
312,VTX00128,6,0.004360465
312,VTX00130,19,0.01380814
312,VTX00140,6,0.004360465
312,VTX00143,27,0.019622093
312,VTX00151,417,0.303052326
312,VTX00155,44,0.031976744
312,VTX00156,15,0.010901163
312,VTX00160,3,0.002180233
312,VTX00163,13,0.009447674
312,VTX00166,28,0.020348837
312,VTX00167,2,0.001453488
312,VTX00177,3,0.002180233
312,VTX00185,2,0.001453488
312,VTX00187,3,0.002180233
312,VTX00193,84,0.061046512
312,VTX00194,1,7.27E-04
312,VTX00199,17,0.012354651
312,VTX00212,3,0.002180233
312,VTX00214,41,0.029796512
312,VTX00219,1,7.27E-04
312,VTX00248,2,0.001453488
312,VTX00256,3,0.002180233
312,VTX00268,29,0.021075581
312,VTX00276,11,0.007994186
312,VTX00286,18,0.013081395
312,VTX00293,7,0.005087209
312,VTX00304,6,0.004360465
312,VTX00306,19,0.01380814
312,VTX00308,2,0.001453488
312,VTX00312,7,0.005087209
312,VTX00331,281,0.204215116
312,VTX00332,2,0.001453488
312,VTX00342,4,0.002906977
312,VTX00356,54,0.039244186
312,VTX00370,19,0.01380814
312,VTX00385,8,0.005813953
312,VTX00387,10,0.007267442
312,VTX00403,13,0.009447674
312,VTX00446,35,0.025436047
315,VTX00062,73,0.019175204
315,VTX00063,301,0.07906488
315,VTX00064,12,0.003152088
315,VTX00065,6,0.001576044
315,VTX00067,32,0.008405569
315,VTX00069,73,0.019175204
315,VTX00074,23,0.006041502
315,VTX00088,9,0.002364066
315,VTX00089,30,0.007880221
315,VTX00090,15,0.00394011
315,VTX00105,2,5.25E-04
315,VTX00113,42,0.011032309
315,VTX00114,2,5.25E-04
315,VTX00115,2,5.25E-04
315,VTX00128,8,0.002101392
315,VTX00130,113,0.029682164
315,VTX00140,2,5.25E-04
315,VTX00143,46,0.012083005
315,VTX00151,1202,0.315734174
315,VTX00153,2,5.25E-04
315,VTX00154,1,2.63E-04
315,VTX00155,117,0.030732861
315,VTX00160,88,0.023115314
315,VTX00163,7,0.001838718
315,VTX00166,22,0.005778828
315,VTX00186,2,5.25E-04
315,VTX00187,11,0.002889414
315,VTX00193,163,0.042815866
315,VTX00199,2,5.25E-04
315,VTX00212,3,7.88E-04
315,VTX00214,17,0.004465458
315,VTX00219,18,0.004728132
315,VTX00225,4,0.001050696
315,VTX00248,8,0.002101392
315,VTX00256,1,2.63E-04
315,VTX00268,60,0.015760441
315,VTX00276,96,0.025216706
315,VTX00281,23,0.006041502
315,VTX00286,30,0.007880221
315,VTX00293,35,0.009193591
315,VTX00306,58,0.015235093
315,VTX00308,4,0.001050696
315,VTX00312,20,0.00525348
315,VTX00329,42,0.011032309
315,VTX00331,716,0.188074599
315,VTX00332,12,0.003152088
315,VTX00342,11,0.002889414
315,VTX00348,12,0.003152088
315,VTX00356,72,0.01891253
315,VTX00370,4,0.001050696
315,VTX00385,8,0.002101392
315,VTX00387,3,7.88E-04
315,VTX00396,4,0.001050696
315,VTX00403,39,0.010244287
315,VTX00409,14,0.003677436
315,VTX00446,85,0.022327292
320,VTX00062,7,0.004191617
320,VTX00063,177,0.105988024
320,VTX00064,3,0.001796407
320,VTX00065,10,0.005988024
320,VTX00067,27,0.016167665
320,VTX00069,14,0.008383234
320,VTX00074,5,0.002994012
320,VTX00089,12,0.007185629
320,VTX00090,15,0.008982036
320,VTX00092,4,0.00239521
320,VTX00113,138,0.082634731
320,VTX00114,32,0.019161677
320,VTX00115,15,0.008982036
320,VTX00128,31,0.018562874
320,VTX00130,28,0.016766467
320,VTX00137,2,0.001197605
320,VTX00142,3,0.001796407
320,VTX00143,86,0.051497006
320,VTX00151,368,0.220359281
320,VTX00154,2,0.001197605
320,VTX00155,62,0.037125749
320,VTX00160,1,5.99E-04
320,VTX00163,1,5.99E-04
320,VTX00166,6,0.003592814
320,VTX00167,2,0.001197605
320,VTX00177,5,0.002994012
320,VTX00187,4,0.00239521
320,VTX00193,74,0.044311377
320,VTX00194,4,0.00239521
320,VTX00214,6,0.003592814
320,VTX00256,2,0.001197605
320,VTX00268,56,0.033532934
320,VTX00276,17,0.010179641
320,VTX00281,5,0.002994012
320,VTX00286,2,0.001197605
320,VTX00293,6,0.003592814
320,VTX00295,1,5.99E-04
320,VTX00301,2,0.001197605
320,VTX00304,2,0.001197605
320,VTX00306,10,0.005988024
320,VTX00312,17,0.010179641
320,VTX00315,1,5.99E-04
320,VTX00331,192,0.11497006
320,VTX00332,15,0.008982036
320,VTX00342,7,0.004191617
320,VTX00348,2,0.001197605
320,VTX00356,30,0.017964072
320,VTX00362,7,0.004191617
320,VTX00367,2,0.001197605
320,VTX00385,30,0.017964072
320,VTX00387,25,0.01497006
320,VTX00403,13,0.007784431
320,VTX00409,7,0.004191617
320,VTX00446,75,0.04491018
5,VTX00063,317,0.311701082
5,VTX00064,20,0.019665683
5,VTX00067,13,0.012782694
5,VTX00113,58,0.057030482
5,VTX00114,8,0.007866273
5,VTX00115,3,0.002949853
5,VTX00128,4,0.003933137
5,VTX00130,42,0.041297935
5,VTX00140,1,9.83E-04
5,VTX00143,10,0.009832842
5,VTX00151,136,0.133726647
5,VTX00153,2,0.001966568
5,VTX00155,24,0.02359882
5,VTX00156,1,9.83E-04
5,VTX00193,4,0.003933137
5,VTX00199,5,0.004916421
5,VTX00214,15,0.014749263
5,VTX00247,2,0.001966568
5,VTX00268,10,0.009832842
5,VTX00276,83,0.081612586
5,VTX00293,57,0.056047198
5,VTX00306,7,0.006882989
5,VTX00331,96,0.09439528
5,VTX00332,31,0.030481809
5,VTX00356,15,0.014749263
5,VTX00362,1,9.83E-04
5,VTX00367,1,9.83E-04
5,VTX00370,7,0.006882989
5,VTX00387,12,0.01179941
5,VTX00403,2,0.001966568
5,VTX00409,17,0.016715831
5,VTX00446,13,0.012782694
7,VTX00062,12,0.005703422
7,VTX00063,451,0.214353612
7,VTX00064,15,0.007129278
7,VTX00065,2,9.51E-04
7,VTX00067,21,0.009980989
7,VTX00069,24,0.011406844
7,VTX00074,4,0.001901141
7,VTX00089,7,0.003326996
7,VTX00090,3,0.001425856
7,VTX00105,2,9.51E-04
7,VTX00113,50,0.023764259
7,VTX00117,7,0.003326996
7,VTX00128,4,0.001901141
7,VTX00130,67,0.031844106
7,VTX00142,3,0.001425856
7,VTX00143,69,0.032794677
7,VTX00151,464,0.220532319
7,VTX00153,1,4.75E-04
7,VTX00155,37,0.017585551
7,VTX00156,6,0.002851711
7,VTX00163,6,0.002851711
7,VTX00166,3,0.001425856
7,VTX00167,2,9.51E-04
7,VTX00187,9,0.004277567
7,VTX00193,48,0.022813688
7,VTX00199,4,0.001901141
7,VTX00214,11,0.005228137
7,VTX00219,5,0.002376426
7,VTX00225,10,0.004752852
7,VTX00256,4,0.001901141
7,VTX00268,27,0.0128327
7,VTX00276,75,0.035646388
7,VTX00281,2,9.51E-04
7,VTX00286,8,0.003802281
7,VTX00293,96,0.045627376
7,VTX00295,1,4.75E-04
7,VTX00306,9,0.004277567
7,VTX00312,10,0.004752852
7,VTX00315,1,4.75E-04
7,VTX00329,28,0.013307985
7,VTX00331,274,0.130228137
7,VTX00332,23,0.010931559
7,VTX00342,13,0.006178707
7,VTX00348,4,0.001901141
7,VTX00356,35,0.016634981
7,VTX00370,2,9.51E-04
7,VTX00385,4,0.001901141
7,VTX00387,2,9.51E-04
7,VTX00403,4,0.001901141
7,VTX00409,46,0.021863118
7,VTX00446,89,0.04230038
8,VTX00062,13,0.005586592
8,VTX00063,186,0.079931242
8,VTX00064,27,0.011602922
8,VTX00065,5,0.002148689
8,VTX00067,22,0.009454233
8,VTX00069,37,0.015900301
8,VTX00074,4,0.001718951
8,VTX00088,3,0.001289214
8,VTX00089,12,0.005156854
8,VTX00090,9,0.003867641
8,VTX00092,2,8.59E-04
8,VTX00108,2,8.59E-04
8,VTX00113,75,0.032230339
8,VTX00114,11,0.004727116
8,VTX00115,3,0.001289214
8,VTX00128,2,8.59E-04
8,VTX00130,68,0.029222174
8,VTX00137,1,4.30E-04
8,VTX00142,2,8.59E-04
8,VTX00143,44,0.018908466
8,VTX00151,725,0.311559948
8,VTX00154,1,4.30E-04
8,VTX00155,74,0.031800602
8,VTX00156,15,0.006446068
8,VTX00160,94,0.040395359
8,VTX00163,11,0.004727116
8,VTX00166,8,0.003437903
8,VTX00177,2,8.59E-04
8,VTX00187,4,0.001718951
8,VTX00193,35,0.015040825
8,VTX00194,4,0.001718951
8,VTX00197,2,8.59E-04
8,VTX00199,6,0.002578427
8,VTX00214,33,0.014181349
8,VTX00225,4,0.001718951
8,VTX00248,4,0.001718951
8,VTX00268,39,0.016759777
8,VTX00276,43,0.018478728
8,VTX00281,6,0.002578427
8,VTX00286,8,0.003437903
8,VTX00293,34,0.014611087
8,VTX00295,2,8.59E-04
8,VTX00304,8,0.003437903
8,VTX00306,9,0.003867641
8,VTX00312,13,0.005586592
8,VTX00329,48,0.020627417
8,VTX00331,365,0.156854319
8,VTX00332,11,0.004727116
8,VTX00342,6,0.002578427
8,VTX00348,12,0.005156854
8,VTX00356,48,0.020627417
8,VTX00362,1,4.30E-04
8,VTX00370,11,0.004727116
8,VTX00385,7,0.003008165
8,VTX00387,11,0.004727116
8,VTX00403,20,0.008594757
8,VTX00409,19,0.008165019
8,VTX00439,2,8.59E-04
8,VTX00446,54,0.023205844