Time,AMFIsolate,Fertilizer,Tillage,SoilpH,SoilP,ShootP,ShootBiomass.g,RootBiomass.g,TotalBiomass.g,RootShootRatio,ShootPMR,ShootMR,RootMR,TotalBiomassMR,RootShootRatioMR
2,CC4,High,NoTill,NA,NA,NA,3.16,3.34,6.5,1.06,NA,0.253968254,-0.437710438,-0.231678487,-0.546368229
2,CC4,High,NoTill,5.7,82.29,0.42,0.41,1.79,2.2,4.37,0.204289261,-0.837301587,-0.698653199,-0.739952719,0.873756935
2,CC4,High,NoTill,NA,NA,NA,1.77,8.1,9.87,4.58,NA,-0.297619048,0.363636364,0.166666667,0.964064887
2,CC4,High,NoTill,NA,NA,NA,2.1,1.81,3.91,0.86,NA,-0.166666667,-0.695286195,-0.537825059,-0.630083793
2,CC4,High,NoTill,5.52,161.25,0.26,2.57,3.05,5.62,1.19,-0.262297992,0.01984127,-0.486531987,-0.3356974,-0.490656469
2,CC4,High,NoTill,5.79,77.2,0.43,2.95,5.6,8.55,1.9,0.219259049,0.170634921,-0.057239057,0.010638298,-0.185276788
2,CC4,High,NoTill,5.43,192.15,0.31,3.38,8.48,11.86,2.51,-0.117600091,0.341269841,0.427609428,0.401891253,0.076770704
2,CC4,High,NoTill,6.01,111.33,0.29,3.37,4.81,8.18,1.43,-0.171265406,0.337301587,-0.19023569,-0.033096927,-0.38742502
2,CC4,High,NoTill,NA,NA,NA,2.35,2.16,4.51,0.92,NA,-0.067460317,-0.636363636,-0.466903073,-0.605515478
2,CC4,High,NoTill,NA,NA,NA,1.77,0.82,2.59,0.46,NA,-0.297619048,-0.861952862,-0.693853428,-0.80116874
2,Cuba8,High,NoTill,6.01,41.48,0.42,2.96,7.01,9.97,2.37,0.20065316,0.174603175,0.18013468,0.178486998,0.016413409
2,Cuba8,High,NoTill,NA,NA,NA,1.38,1.53,2.91,1.11,NA,-0.452380952,-0.742424242,-0.656028369,-0.524164956
2,Cuba8,High,NoTill,5.71,60.02,0.3,3.64,3.23,6.87,0.89,-0.137752854,0.444444444,-0.456228956,-0.187943262,-0.619157666
2,Cuba8,High,NoTill,5.17,177.29,0.41,1.95,4.26,6.21,2.18,0.174133545,-0.226190476,-0.282828283,-0.265957447,-0.062396831
2,Cuba8,High,NoTill,NA,NA,NA,1.7,4.88,6.58,2.87,NA,-0.325396825,-0.178451178,-0.222222222,0.232012118
2,Cuba8,High,NoTill,NA,NA,NA,1.84,4.32,6.16,2.35,NA,-0.26984127,-0.272727273,-0.271867612,0.007650681
2,Cuba8,High,NoTill,5.2,96.82,0.34,2.66,2.84,5.5,1.07,-0.034634494,0.055555556,-0.521885522,-0.349881797,-0.541772887
2,Cuba8,High,NoTill,NA,NA,NA,2.34,2.35,4.69,1,NA,-0.071428571,-0.604377104,-0.445626478,-0.568981329
2,Cuba8,High,NoTill,5.58,136.8,0.35,2.14,3.28,5.42,1.53,0.009124105,-0.150793651,-0.447811448,-0.359338061,-0.342184429
2,Cuba8,High,NoTill,NA,NA,NA,1.99,5.86,7.85,2.94,NA,-0.21031746,-0.013468013,-0.072104019,0.263829879
2,DAOM197198,High,NoTill,5.92,103.65,0.26,1.73,2.29,4.02,1.32,-0.253658137,-0.313492063,-0.614478114,-0.524822695,-0.43188866
2,DAOM197198,High,NoTill,6.26,62.29,0.31,3.32,5.18,8.5,1.56,-0.11029239,0.317460317,-0.127946128,0.004728132,-0.330368685
2,DAOM197198,High,NoTill,NA,NA,NA,2.01,2.16,4.17,1.07,NA,-0.202380952,-0.636363636,-0.507092199,-0.538786753
2,DAOM197198,High,NoTill,NA,NA,NA,2.86,1.08,3.94,0.38,NA,0.134920635,-0.818181818,-0.53427896,-0.83793031
2,DAOM197198,High,NoTill,NA,NA,NA,1.99,0.8,2.79,0.4,NA,-0.21031746,-0.865319865,-0.670212766,-0.827463498
2,DAOM197198,High,NoTill,5.83,70.83,0.37,2.35,12.19,14.54,5.19,0.071146003,-0.067460317,1.052188552,0.718676123,1.226280705
2,DAOM197198,High,NoTill,NA,NA,NA,2.87,3.4,6.27,1.18,NA,0.138888889,-0.427609428,-0.258865248,-0.491558374
2,DAOM197198,High,NoTill,5.76,83.97,0.37,2.94,4.77,7.71,1.62,0.068069285,0.166666667,-0.196969697,-0.088652482,-0.303669966
2,DAOM197198,High,NoTill,5.82,93,0.25,3.3,3.17,6.47,0.96,-0.286450841,0.30952381,-0.466329966,-0.235224586,-0.587722721
2,DAOM197198,High,NoTill,NA,NA,NA,1.98,2.55,4.53,1.29,NA,-0.214285714,-0.570707071,-0.464539007,-0.447262323
2,CC4,High,Till,5.71,88.39,0.31,3.93,5.27,9.2,1.34,-0.021699203,0.460966543,0.90942029,0.688073394,0.411544127
2,CC4,High,Till,5.53,206.08,0.43,2.97,1.69,4.66,0.57,0.356923384,0.104089219,-0.387681159,-0.144954128,-0.401027822
2,CC4,High,Till,5.92,104.57,0.37,2.12,4.9,7.02,2.31,0.148115794,-0.211895911,0.775362319,0.288073394,1.432969215
2,CC4,High,Till,5.08,123.59,0.31,3.04,3.74,6.78,1.23,-0.032176024,0.130111524,0.355072464,0.244036697,0.29501385
2,CC4,High,Till,NA,NA,NA,0.97,1.56,2.53,1.61,NA,-0.639405204,-0.434782609,-0.535779817,0.692892024
2,CC4,High,Till,NA,NA,NA,1.89,1.1,2.99,0.58,NA,-0.29739777,-0.601449275,-0.451376147,-0.387357282
2,CC4,High,Till,NA,NA,NA,3.02,2.8,5.82,0.93,NA,0.12267658,0.014492754,0.067889908,-0.024050192
2,CC4,High,Till,5.8,98.36,0.34,2.02,4.81,6.83,2.38,0.048289784,-0.249070632,0.742753623,0.253211009,1.506513809
2,CC4,High,Till,NA,NA,NA,2.55,2.96,5.51,1.16,NA,-0.05204461,0.072463768,0.011009174,0.221878225
2,CC4,High,Till,NA,NA,NA,1.49,1.27,2.76,0.85,NA,-0.446096654,-0.539855072,-0.493577982,-0.102790533
2,Cuba8,High,Till,NA,NA,NA,2.7,3.41,6.11,1.26,NA,0.003717472,0.235507246,0.121100917,0.329434698
2,Cuba8,High,Till,NA,NA,NA,1.55,4.46,6.01,2.88,NA,-0.423791822,0.615942029,0.102752294,2.028862479
2,Cuba8,High,Till,6.05,84.86,0.25,2.79,3.49,6.28,1.25,-0.204397079,0.037174721,0.264492754,0.152293578,0.316732692
2,Cuba8,High,Till,5.74,38.54,0.42,2.61,1.27,3.88,0.49,0.310789955,-0.029739777,-0.539855072,-0.288073394,-0.48779996
2,Cuba8,High,Till,NA,NA,NA,2.41,4.67,7.08,1.94,NA,-0.104089219,0.692028986,0.299082569,1.03974667
2,Cuba8,High,Till,NA,NA,NA,0.91,0.67,1.58,0.74,NA,-0.661710037,-0.757246377,-0.710091743,-0.224985541
2,Cuba8,High,Till,5.37,147.72,0.32,2.89,5.85,8.74,2.02,0.009197588,0.074349442,1.119565217,0.603669725,1.130759425
2,Cuba8,High,Till,5.54,292.71,0.33,3.53,1.41,4.94,0.4,0.037220664,0.312267658,-0.489130435,-0.093577982,-0.57954376
2,Cuba8,High,Till,6.04,89.62,0.39,2.73,1.11,3.84,0.41,0.224256513,0.014869888,-0.597826087,-0.295412844,-0.57200694
2,Cuba8,High,Till,NA,NA,NA,2.47,6.29,8.76,2.55,NA,-0.081784387,1.278985507,0.60733945,1.68058811
2,DAOM197198,High,Till,6.2,87.09,0.36,3.6,3.94,7.54,1.09,0.115618721,0.338289963,0.427536232,0.383486239,0.152046784
2,DAOM197198,High,Till,NA,NA,NA,1.86,1.08,2.94,0.58,NA,-0.308550186,-0.608695652,-0.460550459,-0.388794567
2,DAOM197198,High,Till,5.56,81.11,0.32,2.9,2.7,5.6,0.93,0.000874145,0.078066914,-0.02173913,0.027522936,-0.019963702
2,DAOM197198,High,Till,NA,NA,NA,1.29,0.65,1.94,0.5,NA,-0.520446097,-0.764492754,-0.644036697,-0.469604243
2,DAOM197198,High,Till,5.17,227.92,0.34,1.98,2.38,4.36,1.2,0.070881121,-0.26394052,-0.137681159,-0.2,0.265284423
2,DAOM197198,High,Till,5.98,51.11,0.4,2.02,11.22,13.24,5.55,0.265046358,-0.249070632,3.065217391,1.429357798,4.846795206
2,DAOM197198,High,Till,5.58,121.99,0.41,1.44,2.96,4.4,2.06,0.284302297,-0.464684015,0.072463768,-0.19266055,1.16374269
2,DAOM197198,High,Till,NA,NA,NA,1.96,0.51,2.47,0.26,NA,-0.271375465,-0.815217391,-0.546788991,-0.726100967
2,DAOM197198,High,Till,NA,NA,NA,1.74,1.63,3.37,0.94,NA,-0.353159851,-0.40942029,-0.381651376,-0.013914096
2,DAOM197198,High,Till,NA,NA,NA,2.41,6.38,8.79,2.65,NA,-0.104089219,1.311594203,0.612844037,1.786634636
2,CC4,No,NoTill,NA,NA,NA,0.73,0.78,1.51,1.07,NA,-0.336363636,-0.843687375,-0.751644737,-0.77739726
2,CC4,No,NoTill,NA,NA,NA,1.03,2.11,3.14,2.05,NA,-0.063636364,-0.577154309,-0.483552632,-0.573220065
2,CC4,No,NoTill,NA,NA,NA,0.62,0.35,0.97,0.56,NA,-0.436363636,-0.929859719,-0.840460526,-0.882392473
2,CC4,No,NoTill,NA,NA,NA,1.33,3.92,5.25,2.95,NA,0.209090909,-0.214428858,-0.136513158,-0.385964912
2,CC4,No,NoTill,6.18,44.02,0.47,1.41,3.31,4.72,2.35,-0.233913648,0.281818182,-0.336673347,-0.223684211,-0.510933806
2,CC4,No,NoTill,5.89,58.66,0.46,1.41,7.22,8.63,5.12,-0.253642069,0.281818182,0.446893788,0.419407895,0.06678487
2,CC4,No,NoTill,6.87,38.57,0.62,0.74,0.37,1.11,0.5,0.013949611,-0.327272727,-0.925851703,-0.817434211,-0.895833333
2,CC4,No,NoTill,5.55,56.16,0.56,1.39,2.26,3.65,1.63,-0.083784426,0.263636364,-0.547094188,-0.399671053,-0.661270983
2,CC4,No,NoTill,5.73,56.54,0.61,1.27,1.41,2.68,1.11,0.003590091,0.154545455,-0.71743487,-0.559210526,-0.768700787
2,CC4,No,NoTill,NA,NA,NA,1.02,4.55,5.57,4.46,NA,-0.072727273,-0.088176353,-0.083881579,-0.070669935
2,Cuba8,No,NoTill,NA,NA,NA,0.77,5.56,6.33,7.22,NA,-0.3,0.114228457,0.041118421,0.504329004
2,Cuba8,No,NoTill,5.97,47.85,0.59,1.22,8.5,9.72,6.97,-0.039190298,0.109090909,0.703406814,0.598684211,0.451502732
2,Cuba8,No,NoTill,NA,NA,NA,0.91,6.65,7.56,7.31,NA,-0.172727273,0.332665331,0.243421053,0.522435897
2,Cuba8,No,NoTill,NA,NA,NA,1.15,0.44,1.59,0.38,NA,0.045454545,-0.911823647,-0.738486842,-0.920289855
2,Cuba8,No,NoTill,5.67,36.48,0.58,1.05,6.54,7.59,6.23,-0.043692088,-0.045454545,0.310621242,0.248355263,0.297619048
2,Cuba8,No,NoTill,NA,NA,NA,0.76,0.93,1.69,1.22,NA,-0.309090909,-0.813627255,-0.722039474,-0.745065789
2,Cuba8,No,NoTill,6.54,31.02,0.58,1.05,5.29,6.34,5.04,-0.05678781,-0.045454545,0.06012024,0.042763158,0.049603175
2,Cuba8,No,NoTill,5.96,40.5,0.37,1,1.42,2.42,1.42,-0.390013438,-0.090909091,-0.715430862,-0.601973684,-0.704166667
2,Cuba8,No,NoTill,NA,NA,NA,1.01,1.07,2.08,1.06,NA,-0.081818182,-0.785571142,-0.657894737,-0.779290429
2,Cuba8,No,NoTill,6.26,100.16,0.69,1.03,2.5,3.53,2.43,0.123346433,-0.063636364,-0.498997996,-0.419407895,-0.49433657
2,DAOM197198,No,NoTill,6.22,44.63,0.59,0.94,2.55,3.49,2.71,-0.026331153,-0.145454545,-0.488977956,-0.425986842,-0.434840426
2,DAOM197198,No,NoTill,6.14,39.53,0.56,1.15,2.34,3.49,2.03,-0.077318616,0.045454545,-0.531062124,-0.425986842,-0.576086957
2,DAOM197198,No,NoTill,5.65,59.16,0.6,1.06,13.9,14.96,13.11,-0.010454031,-0.036363636,1.785571142,1.460526316,1.731918239
2,DAOM197198,No,NoTill,NA,NA,NA,0.94,1.16,2.1,1.23,NA,-0.145454545,-0.76753507,-0.654605263,-0.742907801
2,DAOM197198,No,NoTill,NA,NA,NA,0.85,0.94,1.79,1.11,NA,-0.227272727,-0.811623246,-0.705592105,-0.769607843
2,DAOM197198,No,NoTill,NA,NA,NA,0.66,1.56,2.22,2.36,NA,-0.4,-0.687374749,-0.634868421,-0.507575758
2,DAOM197198,No,NoTill,NA,NA,NA,0.58,0.13,0.71,0.22,NA,-0.472727273,-0.973947896,-0.883223684,-0.953304598
2,DAOM197198,No,NoTill,5.82,35.04,0.48,1.21,15.35,16.56,12.69,-0.213545282,0.1,2.076152305,1.723684211,1.642906336
2,DAOM197198,No,NoTill,6.26,32.52,0.63,1.14,7.5,8.64,6.58,0.034263342,0.036363636,0.503006012,0.421052632,0.370614035
2,DAOM197198,No,NoTill,NA,NA,NA,0.77,1.19,1.96,1.55,NA,-0.3,-0.761523046,-0.677631579,-0.678030303
2,CC4,No,Till,5.16,60.28,0.48,1.96,0.5,2.46,0.26,-0.209335246,0.97979798,-0.885844749,-0.541899441,-0.946631372
2,CC4,No,Till,NA,NA,NA,1.19,1.52,2.71,1.28,NA,0.202020202,-0.652968037,-0.495344507,-0.732780141
2,CC4,No,Till,NA,NA,NA,0.96,0.83,1.79,0.86,NA,-0.03030303,-0.810502283,-0.666666667,-0.819124826
2,CC4,No,Till,6.46,41.65,0.56,1.01,10.25,11.26,10.15,-0.083194883,0.02020202,1.340182648,1.096834264,1.123120262
2,CC4,No,Till,5.9,45.11,0.81,0.77,2.66,3.43,3.45,0.335853189,-0.222222222,-0.392694064,-0.361266294,-0.277291746
2,CC4,No,Till,NA,NA,NA,0.89,0.36,1.25,0.4,NA,-0.101010101,-0.917808219,-0.767225326,-0.915377744
2,CC4,No,Till,NA,NA,NA,0.89,0.82,1.71,0.92,NA,-0.101010101,-0.812785388,-0.681564246,-0.807249307
2,CC4,No,Till,NA,NA,NA,1.16,1.68,2.84,1.45,NA,0.171717172,-0.616438356,-0.47113594,-0.697013418
2,CC4,No,Till,5.84,65.9,0.46,1.26,1.5,2.76,1.19,-0.245256826,0.272727273,-0.657534247,-0.48603352,-0.750946404
2,CC4,No,Till,6,47.4,0.34,1.32,1.67,2.99,1.27,-0.440464673,0.333333333,-0.618721461,-0.44320298,-0.735323951
2,Cuba8,No,Till,NA,NA,NA,1.02,2.93,3.95,2.87,NA,0.03030303,-0.331050228,-0.26443203,-0.399048322
2,Cuba8,No,Till,5.84,54.32,0.63,0.95,3.35,4.3,3.53,0.029216985,-0.04040404,-0.235159817,-0.199255121,-0.262277031
2,Cuba8,No,Till,NA,NA,NA,0.75,1.24,1.99,1.65,NA,-0.242424242,-0.716894977,-0.629422719,-0.654114365
2,Cuba8,No,Till,5.71,47.51,0.41,1.05,3.08,4.13,2.93,-0.325365485,0.060606061,-0.296803653,-0.230912477,-0.386331939
2,Cuba8,No,Till,NA,NA,NA,1.42,0.79,2.21,0.56,NA,0.434343434,-0.819634703,-0.588454376,-0.883611291
2,Cuba8,No,Till,NA,NA,NA,1.52,0.75,2.27,0.49,NA,0.535353535,-0.828767123,-0.577281192,-0.896773838
2,Cuba8,No,Till,6.32,48.99,0.67,0.49,3.94,4.43,8.04,0.101412768,-0.505050505,-0.100456621,-0.175046555,0.682179148
2,Cuba8,No,Till,6.25,39.52,0.62,0.67,0.36,1.03,0.54,0.024267605,-0.323232323,-0.917808219,-0.808193669,-0.887591332
2,Cuba8,No,Till,NA,NA,NA,0.72,0.57,1.29,0.79,NA,-0.272727273,-0.869863014,-0.759776536,-0.834379358
2,Cuba8,No,Till,5.76,59.64,0.62,1.13,2.96,4.09,2.62,0.014035299,0.141414141,-0.324200913,-0.238361266,-0.451993928
2,DAOM197198,No,Till,6.21,35.47,0.39,1.03,2.29,3.32,2.22,-0.354698795,0.04040404,-0.47716895,-0.381750466,-0.534874274
2,DAOM197198,No,Till,NA,NA,NA,0.95,1.27,2.22,1.34,NA,-0.04040404,-0.710045662,-0.586592179,-0.720325919
2,DAOM197198,No,Till,NA,NA,NA,1.04,4.58,5.62,4.4,NA,0.050505051,0.0456621,0.046554935,-0.078693273
2,DAOM197198,No,Till,6.59,34.48,0.53,1.17,2.21,3.38,1.89,-0.128971025,0.181818182,-0.49543379,-0.370577281,-0.60483496
2,DAOM197198,No,Till,6.03,59.91,0.7,1.14,3.08,4.22,2.7,0.151454444,0.151515152,-0.296803653,-0.2141527,-0.434779417
2,DAOM197198,No,Till,5.89,36.36,0.6,0.88,5.93,6.81,6.74,-0.012956463,-0.111111111,0.353881279,0.268156425,0.409756561
2,DAOM197198,No,Till,NA,NA,NA,0.78,0.86,1.64,1.1,NA,-0.212121212,-0.803652968,-0.694599628,-0.769338054
2,DAOM197198,No,Till,NA,NA,NA,0.92,0.91,1.83,0.99,NA,-0.070707071,-0.792237443,-0.659217877,-0.793068947
2,DAOM197198,No,Till,NA,NA,NA,0.76,1.04,1.8,1.37,NA,-0.232323232,-0.762557078,-0.664804469,-0.713719445
2,DAOM197198,No,Till,6.01,43.93,0.67,0.83,2.8,3.63,3.37,0.093926858,-0.161616162,-0.360730594,-0.324022346,-0.294248122
4,CC4,High,NoTill,5.55,78.91,0.22,3.94,18.84,22.78,4.78,-0.245675965,-0.751262626,1.206088993,-0.065627564,8.022124318
4,CC4,High,NoTill,5.25,201.89,0.27,14.07,23.52,37.59,1.67,-0.069353293,-0.111742424,1.754098361,0.541837572,2.154041115
4,CC4,High,NoTill,5.52,166.1,0.23,14.56,5.86,20.42,0.4,-0.223185392,-0.080808081,-0.31381733,-0.16242822,-0.240617873
4,CC4,High,NoTill,NA,NA,NA,14.32,4.56,18.88,0.32,NA,-0.095959596,-0.466042155,-0.22559475,-0.399177822
4,CC4,High,NoTill,NA,NA,NA,14.63,3.32,17.95,0.23,NA,-0.076388889,-0.611241218,-0.263740771,-0.57182837
4,CC4,High,NoTill,NA,NA,NA,16.02,8.38,24.4,0.52,NA,0.011363636,-0.018735363,0.000820345,-0.01302617
4,CC4,High,NoTill,NA,NA,NA,5.41,4.77,10.18,0.88,NA,-0.658459596,-0.441451991,-0.582444627,0.663585952
4,CC4,High,NoTill,4.97,483.23,0.36,12.64,7.23,19.87,0.57,0.246300391,-0.202020202,-0.153395785,-0.184987695,0.079233341
4,CC4,High,NoTill,5.21,96.78,0.36,13.34,4.82,18.16,0.36,0.236453259,-0.157828283,-0.43559719,-0.255127153,-0.318265396
4,CC4,High,NoTill,NA,NA,NA,12.4,6.73,19.13,0.54,NA,-0.217171717,-0.211943794,-0.215340443,0.024041388
4,Cuba8,High,NoTill,6.75,41.9,0.34,15.45,13.58,29.03,0.88,0.162370286,-0.024621212,0.590163934,0.190730107,0.658423399
4,Cuba8,High,NoTill,5.66,155.55,0.26,14.53,9.58,24.11,0.66,-0.095889098,-0.08270202,0.121779859,-0.011074651,0.24401044
4,Cuba8,High,NoTill,NA,NA,NA,11.33,2.22,13.55,0.2,NA,-0.284722222,-0.740046838,-0.444216571,-0.63030192
4,Cuba8,High,NoTill,NA,NA,NA,13.61,9.37,22.98,0.69,NA,-0.140782828,0.097189696,-0.057424118,0.298989367
4,Cuba8,High,NoTill,NA,NA,NA,14.09,7.33,21.42,0.52,NA,-0.110479798,-0.141686183,-0.121410993,-0.018439412
4,Cuba8,High,NoTill,5.51,169.39,0.22,14.81,7.39,22.2,0.5,-0.231591227,-0.065025253,-0.134660422,-0.089417555,-0.058514772
4,Cuba8,High,NoTill,5.41,141.26,0.34,14.94,17.8,32.74,1.19,0.170831369,-0.056818182,1.084309133,0.34290402,1.247985653
4,Cuba8,High,NoTill,NA,NA,NA,9.7,6.64,16.34,0.68,NA,-0.387626263,-0.222482436,-0.329778507,0.291577514
4,Cuba8,High,NoTill,5.58,153.17,0.27,12.58,6.53,19.11,0.52,-0.071625714,-0.205808081,-0.235362998,-0.216160788,-0.020607733
4,Cuba8,High,NoTill,NA,NA,NA,14.8,4.9,19.7,0.33,NA,-0.065656566,-0.426229508,-0.191960623,-0.375318715
4,DAOM197198,High,NoTill,5.45,201.4,0.27,13.9,6.58,20.48,0.47,-0.082532751,-0.122474747,-0.229508197,-0.159967186,-0.106827745
4,DAOM197198,High,NoTill,NA,NA,NA,17.26,5.66,22.92,0.33,NA,0.089646465,-0.337236534,-0.059885152,-0.381272
4,DAOM197198,High,NoTill,5.1,377.32,0.39,17.42,19.67,37.09,1.13,0.34674569,0.099747475,1.303278689,0.521328958,1.130494119
4,DAOM197198,High,NoTill,5.04,384.88,0.26,13.93,6.62,20.55,0.48,-0.092147628,-0.120580808,-0.224824356,-0.15709598,-0.103333378
4,DAOM197198,High,NoTill,4.72,332.11,0.25,11.15,2.6,13.75,0.23,-0.131512031,-0.296085859,-0.695550351,-0.436013126,-0.560030459
4,DAOM197198,High,NoTill,NA,NA,NA,13.37,5.42,18.79,0.41,NA,-0.155934343,-0.365339578,-0.2292863,-0.235122282
4,DAOM197198,High,NoTill,NA,NA,NA,13.18,6.29,19.47,0.48,NA,-0.167929293,-0.263466042,-0.201394586,-0.099550491
4,DAOM197198,High,NoTill,NA,NA,NA,14.77,7.26,22.03,0.49,NA,-0.067550505,-0.149882904,-0.096390484,-0.072571888
4,DAOM197198,High,NoTill,5.68,215.87,0.21,15.08,17.66,32.74,1.17,-0.2614889,-0.047979798,1.067915691,0.34290402,1.209599119
4,DAOM197198,High,NoTill,NA,NA,NA,15.7,9.4,25.1,0.6,NA,-0.008838384,0.100702576,0.029532404,0.129671914
4,CC4,High,Till,NA,NA,NA,13.3,2.73,16.03,0.21,NA,-0.110367893,-0.415417559,-0.182976555,-0.337860781
4,CC4,High,Till,NA,NA,NA,12.65,7.2,19.85,0.57,NA,-0.153846154,0.541755889,0.011722732,0.836032131
4,CC4,High,Till,5.77,155.39,0.25,14.37,5.37,19.74,0.37,-0.147571467,-0.038795987,0.149892934,0.006116208,0.205468382
4,CC4,High,Till,NA,NA,NA,17.32,6.25,23.57,0.36,NA,0.158528428,0.338329764,0.201325178,0.164046785
4,CC4,High,Till,NA,NA,NA,12.11,3.83,15.94,0.32,NA,-0.189966555,-0.17987152,-0.18756371,0.020217895
4,CC4,High,Till,5.75,178.04,0.24,17.2,13.74,30.94,0.8,-0.162694607,0.150501672,1.942184154,0.576962283,1.576894224
4,CC4,High,Till,5.19,276.18,0.27,14.99,3.4,18.39,0.23,-0.080455233,0.002675585,-0.271948608,-0.062691131,-0.268329424
4,CC4,High,Till,5.45,113.05,0.33,16.22,3.14,19.36,0.19,0.127658876,0.084949833,-0.327623126,-0.013251784,-0.375522056
4,CC4,High,Till,NA,NA,NA,20.16,9.32,29.48,0.46,NA,0.348494983,0.995717345,0.50254842,0.491295443
4,CC4,High,Till,5.65,139.71,0.23,14.85,7.04,21.89,0.47,-0.209939156,-0.006688963,0.507494647,0.115698267,0.529271207
4,Cuba8,High,Till,5.53,149.58,0.57,5.77,1.42,7.19,0.25,0.949562592,-0.614046823,-0.695931478,-0.633537207,-0.206127355
4,Cuba8,High,Till,NA,NA,NA,5.85,3.91,9.76,0.67,NA,-0.608695652,-0.162740899,-0.50254842,1.156051833
4,Cuba8,High,Till,NA,NA,NA,14.1,5.55,19.65,0.39,NA,-0.056856187,0.188436831,0.001529052,0.269732327
4,Cuba8,High,Till,5.94,86.12,0.23,18.37,5.6,23.97,0.3,-0.222105838,0.228762542,0.199143469,0.221712538,-0.016629498
4,Cuba8,High,Till,NA,NA,NA,15.63,5.42,21.05,0.35,NA,0.04548495,0.160599572,0.072884811,0.118609787
4,Cuba8,High,Till,5.54,193.94,0.27,10.82,2.01,12.83,0.19,-0.063944723,-0.276254181,-0.569593148,-0.346075433,-0.400751297
4,Cuba8,High,Till,NA,NA,NA,15.13,8.03,23.16,0.53,NA,0.012040134,0.719486081,0.180428135,0.712044006
4,Cuba8,High,Till,5.13,223.78,0.23,14.65,6.95,21.6,0.47,-0.201823746,-0.02006689,0.488222698,0.100917431,0.530331388
4,Cuba8,High,Till,NA,NA,NA,12.58,3.31,15.89,0.26,NA,-0.158528428,-0.291220557,-0.19011213,-0.151238525
4,Cuba8,High,Till,5.36,222.91,0.3,13.74,10.38,24.12,0.76,0.031786329,-0.080936455,1.222698073,0.229357798,1.436962953
4,DAOM197198,High,Till,5.49,156.35,0.31,15.58,12.06,27.64,0.77,0.060116528,0.042140468,1.582441113,0.408766565,1.496997805
4,DAOM197198,High,Till,NA,NA,NA,12.35,4.54,16.89,0.37,NA,-0.173913043,-0.027837259,-0.139143731,0.185843019
4,DAOM197198,High,Till,NA,NA,NA,16.9,13.37,30.27,0.79,NA,0.130434783,1.862955032,0.542813456,1.552013743
4,DAOM197198,High,Till,NA,NA,NA,13.12,4.87,17.99,0.37,NA,-0.122408027,0.042826552,-0.083078491,0.19738395
4,DAOM197198,High,Till,5.47,82.07,0.16,16.13,20.83,36.96,1.29,-0.435825623,0.078929766,3.460385439,0.883792049,3.165750055
4,DAOM197198,High,Till,5.66,139.28,0.23,20.98,39.54,60.52,1.88,-0.202977062,0.403344482,7.466809422,2.084607543,5.079522741
4,DAOM197198,High,Till,4.86,982.9,0.4,18.29,8.24,26.53,0.45,0.364874066,0.223411371,0.764453961,0.352191641,0.453288418
4,DAOM197198,High,Till,NA,NA,NA,14.86,4.32,19.18,0.29,NA,-0.006020067,-0.074946467,-0.022426096,-0.062215083
4,DAOM197198,High,Till,NA,NA,NA,15.93,6.04,21.97,0.38,NA,0.065551839,0.293361884,0.119775739,0.223092967
4,DAOM197198,High,Till,5.59,141.54,0.3,13.73,7.7,21.43,0.56,0.046071507,-0.081605351,0.64882227,0.092252803,0.809083006
4,CC4,No,NoTill,6.68,34.53,0.43,3.13,3.41,6.54,1.09,0.299468737,-0.401529637,-0.599294947,-0.524363636,-0.429603734
4,CC4,No,NoTill,NA,NA,NA,3.93,2.97,6.9,0.76,NA,-0.248565966,-0.650998825,-0.498181818,-0.604332361
4,CC4,No,NoTill,NA,NA,NA,3.16,1.35,4.51,0.43,NA,-0.395793499,-0.841363102,-0.672,-0.776327126
4,CC4,No,NoTill,NA,NA,NA,5.4,3.78,9.18,0.7,NA,0.03250478,-0.555816686,-0.332363636,-0.633507853
4,CC4,No,NoTill,6.05,70.57,0.58,3.29,1.61,4.9,0.49,0.758527821,-0.370936902,-0.810810811,-0.643636364,-0.743789685
4,CC4,No,NoTill,NA,NA,NA,8.39,5.94,14.33,0.71,NA,0.604206501,-0.30199765,0.042181818,-0.62932686
4,CC4,No,NoTill,NA,NA,NA,3.93,21.76,25.69,5.54,NA,-0.248565966,1.556991774,0.868363636,1.898898259
4,CC4,No,NoTill,5.68,71.53,0.34,4.29,2.2,6.49,0.51,0.023384196,-0.179732314,-0.741480611,-0.528,-0.731507585
4,CC4,No,NoTill,5.44,46.42,0.38,2.93,5.39,8.32,1.84,0.154727082,-0.439770554,-0.366627497,-0.394909091,-0.036863642
4,CC4,No,NoTill,6.78,26.44,0.3,5.28,4.91,10.19,0.93,-0.095254859,0.009560229,-0.423031727,-0.258909091,-0.513128669
4,Cuba8,No,NoTill,6.56,32.98,0.4,2.7,6.28,8.98,2.33,0.206059425,-0.48374761,-0.262044653,-0.346909091,0.217762265
4,Cuba8,No,NoTill,NA,NA,NA,3.76,3.05,6.81,0.81,NA,-0.281070746,-0.64159812,-0.504727273,-0.575303554
4,Cuba8,No,NoTill,6.41,31.07,0.35,3.81,4.91,8.72,1.29,0.072152119,-0.271510516,-0.423031727,-0.365818182,-0.325280675
4,Cuba8,No,NoTill,6.15,34.07,0.33,4.98,1.78,6.76,0.36,-0.006869618,-0.047801147,-0.790834313,-0.508363636,-0.812864022
4,Cuba8,No,NoTill,NA,NA,NA,3.85,3.57,7.42,0.93,NA,-0.263862333,-0.580493537,-0.460363636,-0.514516897
4,Cuba8,No,NoTill,6.78,29.96,0.43,3.55,3.27,6.82,0.92,0.294569658,-0.321223709,-0.615746181,-0.504,-0.51773468
4,Cuba8,No,NoTill,NA,NA,NA,4.06,2.51,6.57,0.62,NA,-0.223709369,-0.705052879,-0.522181818,-0.676321151
4,Cuba8,No,NoTill,6.09,42.4,0.38,3.43,5.12,8.55,1.49,0.148912111,-0.34416826,-0.398354877,-0.378181818,-0.218475722
4,Cuba8,No,NoTill,NA,NA,NA,4.57,2.28,6.85,0.5,NA,-0.126195029,-0.732079906,-0.501818182,-0.738792718
4,Cuba8,No,NoTill,NA,NA,NA,5.49,4.3,9.79,0.78,NA,0.049713193,-0.494712103,-0.288,-0.589925519
4,DAOM197198,No,NoTill,5.51,60.59,0.39,3.2,5.41,8.61,1.69,0.18693064,-0.388145315,-0.364277321,-0.373818182,-0.114856021
4,DAOM197198,No,NoTill,NA,NA,NA,4.37,6.06,10.43,1.39,NA,-0.164435946,-0.287896592,-0.241454545,-0.273964561
4,DAOM197198,No,NoTill,NA,NA,NA,3.7,4.92,8.62,1.33,NA,-0.292543021,-0.421856639,-0.373090909,-0.303806424
4,DAOM197198,No,NoTill,NA,NA,NA,4.51,6.44,10.95,1.43,NA,-0.137667304,-0.243243243,-0.203636364,-0.252388526
4,DAOM197198,No,NoTill,5.2,62.73,0.29,1.46,2.26,3.72,1.55,-0.121823414,-0.7208413,-0.734430082,-0.729454545,-0.189557484
4,DAOM197198,No,NoTill,NA,NA,NA,4.46,6.42,10.88,1.44,NA,-0.147227533,-0.24559342,-0.208727273,-0.246355035
4,DAOM197198,No,NoTill,6.1,49.93,0.36,4.84,4.75,9.59,0.98,0.085263217,-0.07456979,-0.441833137,-0.302545455,-0.486175414
4,DAOM197198,No,NoTill,5.57,119.4,0.23,6.79,2.04,8.83,0.3,-0.289296066,0.298279159,-0.760282021,-0.357818182,-0.842700615
4,DAOM197198,No,NoTill,NA,NA,NA,3.55,1.11,4.66,0.31,NA,-0.321223709,-0.869565217,-0.661090909,-0.836295258
4,DAOM197198,No,NoTill,5.51,125.42,0.61,3.86,1.32,5.18,0.34,0.860341277,-0.261950287,-0.844888367,-0.623272727,-0.820958685
4,CC4,No,Till,6.74,39.48,0.31,3.89,1.82,5.71,0.47,-0.233859312,-0.020151134,-0.624742268,-0.351872872,-0.455969391
4,CC4,No,Till,NA,NA,NA,3.76,5.23,8.99,1.39,NA,-0.052896725,0.078350515,0.020431328,0.61739238
4,CC4,No,Till,NA,NA,NA,3.88,8.64,12.52,2.23,NA,-0.022670025,0.781443299,0.421112372,1.589307121
4,CC4,No,Till,7.05,34.53,0.37,3.86,5.09,8.95,1.32,-0.075877562,-0.027707809,0.049484536,0.015891033,0.533317267
4,CC4,No,Till,6.19,35.96,0.29,4.42,0.79,5.21,0.18,-0.286164333,0.113350126,-0.837113402,-0.408626561,-0.792170893
4,CC4,No,Till,NA,NA,NA,6.05,27.45,33.5,4.54,NA,0.523929471,4.659793814,2.802497162,4.275802422
4,CC4,No,Till,NA,NA,NA,3.71,3.86,7.57,1.04,NA,-0.065491184,-0.204123711,-0.140749149,0.209803799
4,CC4,No,Till,6.26,31.86,0.62,3.24,2.41,5.65,0.74,0.550540323,-0.183879093,-0.503092784,-0.358683314,-0.135084697
4,CC4,No,Till,NA,NA,NA,3.85,3.13,6.98,0.81,NA,-0.0302267,-0.354639175,-0.207718502,-0.054666264
4,CC4,No,Till,5.62,82.9,0.63,4.07,1.53,5.6,0.38,0.586057229,0.025188917,-0.684536082,-0.364358683,-0.562882121
4,Cuba8,No,Till,6.09,32.91,0.39,3.18,3.54,6.72,1.11,-0.019449119,-0.198992443,-0.270103093,-0.23723042,0.29442738
4,Cuba8,No,Till,NA,NA,NA,3.94,2.31,6.25,0.59,NA,-0.007556675,-0.52371134,-0.290578888,-0.318262307
4,Cuba8,No,Till,NA,NA,NA,2.91,3.93,6.84,1.35,NA,-0.267002519,-0.189690722,-0.223609535,0.570366819
4,Cuba8,No,Till,5.57,63.4,0.53,3.92,3.23,7.15,0.82,0.321448262,-0.012594458,-0.334020619,-0.188422247,-0.041884196
4,Cuba8,No,Till,6.39,33.84,0.48,4.36,2.18,6.54,0.5,0.192305932,0.098236776,-0.550515464,-0.257661748,-0.418604651
4,Cuba8,No,Till,6.53,39.07,0.4,3.77,2.45,6.22,0.65,0.007975158,-0.050377834,-0.494845361,-0.293984109,-0.244340263
4,Cuba8,No,Till,NA,NA,NA,3.46,4.68,8.14,1.35,NA,-0.128463476,-0.035051546,-0.076049943,0.572792042
4,Cuba8,No,Till,NA,NA,NA,2.88,8.65,11.53,3,NA,-0.274559194,0.783505155,0.308740068,2.492409561
4,Cuba8,No,Till,6.94,30.42,0.2,7.15,16.45,23.6,2.3,-0.489293918,0.801007557,2.391752577,1.67877412,1.675231745
4,Cuba8,No,Till,NA,NA,NA,3.33,3.41,6.74,1.02,NA,-0.161209068,-0.296907216,-0.234960272,0.190725609
4,DAOM197198,No,Till,5.2,77.35,0.36,3.22,7,10.22,2.17,-0.106716216,-0.188916877,0.443298969,0.160045403,1.527805865
4,DAOM197198,No,Till,NA,NA,NA,3.63,4.02,7.65,1.11,NA,-0.085642317,-0.171134021,-0.131668558,0.287718624
4,DAOM197198,No,Till,6.45,96.18,0.28,3.85,2.92,6.77,0.76,-0.30391874,-0.0302267,-0.397938144,-0.231555051,-0.118091211
4,DAOM197198,No,Till,NA,NA,NA,5.13,5.03,10.16,0.98,NA,0.292191436,0.037113402,0.15323496,0.140124212
4,DAOM197198,No,Till,NA,NA,NA,4.22,1.37,5.59,0.32,NA,0.062972292,-0.717525773,-0.365493757,-0.622506337
4,DAOM197198,No,Till,6.83,40.81,0.27,3.73,4.41,8.14,1.18,-0.328330955,-0.060453401,-0.090721649,-0.076049943,0.374773988
4,DAOM197198,No,Till,NA,NA,NA,4.62,2.66,7.28,0.58,NA,0.16372796,-0.451546392,-0.173666288,-0.330514447
4,DAOM197198,No,Till,NA,NA,NA,4.13,1.97,6.1,0.48,NA,0.040302267,-0.593814433,-0.307604994,-0.445351653
4,DAOM197198,No,Till,6.91,32.93,0.56,1.66,3.43,5.09,2.07,0.40347499,-0.58186398,-0.292783505,-0.422247446,1.402633791
4,DAOM197198,No,Till,6.04,45.94,0.2,8.3,22.58,30.88,2.72,-0.487806383,1.090680101,3.655670103,2.505107832,2.163351079