phylum,kingdom,CC4_203_high_fert,CC4_261_no_fert,CC4_264_no_fert_till,CC4_284_high_fert,CC4_287_high_fert_till,CC4_304_no_fert,CC4_309_high_fert,CC4_50_high_fert_till,CC4_59_no_fert_till,CC4_82_no_fert_till,CC4_93_no_fert,Cuba8_248_no_fert_till,Cuba8_254_no_fert,Cuba8_260_no_fert_till,Cuba8_263_high_fert_till,Cuba8_279_no_fert,Cuba8_308_no_fert_till,Cuba8_315_high_fert,Cuba8_320_high_fert_till,Cuba8_7_high_fert_till,Cuba8_8_high_fert,DAOM197198_104_no_fert,DAOM197198_150_high_fert_till,DAOM197198_158_high_fert,DAOM197198_16_high_fert_till,DAOM197198_18_no_fert,DAOM197198_210_no_fert_till,DAOM197198_235_no_fert,DAOM197198_240_no_fert_till,DAOM197198_286_high_fert_till,DAOM197198_40_no_fert_till,DAOM197198_5_high_fert,DAOM197198_72_high_fert,Control_125_high_fert,Control_128_high_fert_till,Control_139_no_fert_till,Control_17_no_fert,Control_23_no_fert_till,Control_25_high_fert_till,Control_30_high_fert,Control_33_high_fert,Control_52_no_fert,Control_71_no_fert_till,Control_74_no_fert,Control_95_high_fert_till
Abditibacteriota,Bacteria,38.8955792,22.59570534,27.35687074,24.73026994,34.28728987,40.17279678,80.04613385,99.10779225,51.55577692,68.10491623,13.50412927,14.08616539,18.07803131,31.04541016,55.16370743,22.26982249,52.77564422,40.35034264,127.981864,64.29043988,29.76940691,0,34.85735912,52.56946725,28.17938331,26.66532092,25.87529084,20.97250216,32.64729024,48.24346347,49.18988024,39.00565866,52.13843668,32.98182776,33.19711401,28.54257056,12.77436415,19.07488354,51.90995322,114.8103818,15.70257701,77.86528363,8.603014652,33.43822069,43.14799041
Acidobacteriota,Bacteria,2817.953943,14086.45915,19722.16495,5562.170634,1252.671658,8875.114069,3977.913282,3339.217971,7849.923385,9715.620602,8791.689631,11447.11434,11432.91614,12292.03099,7870.426447,12827.48674,16318.11207,4690.159551,7977.641732,3138.15769,3169.669743,0,3479.389442,6130.724686,12489.16009,25033.20585,11376.42206,17423.07863,8830.237565,9059.55285,13530.10749,13683.11708,7841.595082,2369.278303,3165.150186,10401.45229,15930.1765,5266.641677,1430.842885,8468.243465,8263.374087,6879.709172,6351.223531,2532.49059,4543.023742
Actinomycetota,Bacteria,17513.73264,13252.26248,10007.01345,26426.72507,18822.21132,18610.96948,32118.95789,16789.23,6577.25509,5567.251915,6289.563091,8166.912561,6891.582133,6569.930493,17372.42757,9445.777862,8711.020048,26308.67478,30593.38941,19782.65162,15823.4723,0,17310.45159,33290.13706,15618.52681,9058.161714,7425.597388,9471.923269,11478.53687,21954.66999,5160.259029,48164.17403,24389.57532,17238.20634,20605.93368,8339.023519,14928.33561,10176.57767,41060.43354,19799.55682,22244.34461,10865.71454,6610.825131,7688.626739,17169.55482
Aquificota,Bacteria,1.112993218,2.074634763,4.190455654,0.826958473,0.34284324,1.620497201,1.183075291,0.34723534,0.823817422,1.075331579,4.535126064,2.543033881,3.243651058,1.489762754,1.289789528,1.302697262,2.482452731,0.19760299,3.086887191,0.610361636,0,0,1.015402111,0.666464709,2.025212353,2.809810693,3.826573397,3.257582987,1.765511913,1.343171723,0.192074085,0,1.349155944,0.628248476,0.368263033,1.361282002,3.356728223,0.738481874,0.438985595,0.565736537,0.334692201,1.529128708,0.415486922,1.261410027,1.952345376
Armatimonadota,Bacteria,181.8719745,403.2046134,724.1559472,165.4953077,77.73086976,302.9074208,173.9350428,211.8507175,351.9718463,616.1899955,201.0540063,277.6985202,455.1764529,455.8141792,165.3130748,258.3511508,681.2779154,121.567317,433.352796,130.7553628,181.3614923,0,171.391073,206.6092333,1398.801266,473.513456,713.3809704,536.477737,329.4989566,166.398124,364.8200437,187.0190668,431.4448432,107.3119893,78.45139606,600.6016884,283.8594577,369.4735588,45.52597302,260.5151903,73.07359637,381.8670316,191.6115568,81.08925994,46.47933424
Atribacterota,Bacteria,0.985096424,4.038456074,3.38686419,1.63268832,0.361372185,2.497104792,1.243170212,0.532806733,1.709731072,2.793452186,1.391107105,5.305398958,2.511653408,4.228628823,1.173373575,1.319669854,3.620292513,0.595866532,2.343964808,2.12175086,0.794225939,0,0.892493726,2.68241221,0,3.489050312,3.158912081,3.004718803,1.071451556,2.134556708,1.072109158,6.06926241,2.224740009,0.386410809,2.161759602,1.75848451,2.220769299,0.571255456,0.101277136,0.089916195,0,0.241805541,0.460233167,0.126769381,0.313778065
Bacillota,Bacteria,1292.071758,546.8963357,794.5545886,778.8200438,3132.360255,1642.923319,673.2440731,1069.07191,806.6268286,741.2518259,7348.980902,2155.189963,1656.263352,862.2499706,990.355811,424.0193923,1686.652467,1236.756272,871.9590884,3807.37457,1962.09127,0,2327.868745,1890.558587,5116.611,8238.177812,3345.302941,1028.894782,2085.127014,2272.325924,548.7893487,1641.293995,1473.260946,6464.083966,6603.74809,878.7518696,4489.756194,1307.977652,7833.290755,2423.637943,2078.353598,1018.464589,1478.18016,3846.957238,821.5433726
Bacteroidota,Bacteria,1639.652469,2170.487962,5193.464518,1572.204923,1463.333125,1946.612841,2256.353108,2374.074417,3531.228969,3413.393118,3214.71966,3289.984775,5363.306521,5168.765171,2122.883926,4723.929645,6679.480625,2305.770884,1872.781914,4958.428302,3490.068502,0,2426.842091,5575.263728,3413.798155,3584.816235,4031.718219,4929.386658,5204.055757,3054.945191,3050.648197,1887.467769,3125.071688,1907.423953,6863.748344,4505.935104,62587.69874,3354.135431,6927.757263,2449.513568,4185.216752,1627.490055,2172.334397,9934.815561,7260.537157
Balneolota,Bacteria,5.074787569,3.635543585,10.80031108,3.379037267,5.410550484,4.722987197,8.944394043,9.599575569,7.092664906,7.475246057,2.940202984,7.326596299,6.706268472,13.02377835,5.409849531,5.799439437,20.20277836,5.170841247,0.463518811,7.478956987,15.97975482,0,9.91690466,5.526724777,0,9.75266143,16.67003109,14.04501988,19.02312147,6.608109148,12.87554616,7.531974284,10.72018681,9.807646858,5.527945104,9.637579755,5.752243943,6.86185574,7.317847015,5.990986926,4.163792517,5.931993152,25.92481162,3.950159305,18.67933363
Bdellovibrionota,Bacteria,26.62120735,89.04188582,165.9207794,33.43635971,27.79960751,37.23519898,33.75832971,37.51281997,86.04570901,79.10006898,45.98272083,84.33573359,105.1250282,237.2794596,27.28010888,77.45325746,193.4787183,43.71456652,40.13715921,99.03191021,34.86686971,0,51.71382432,27.80056423,297.6880186,95.37498643,208.6233399,100.4274721,118.5389209,31.39610562,504.4198823,28.63784549,65.08393163,20.49420209,16.1154299,29.59887038,75.52484924,26.97713711,13.11579766,23.73584571,16.90998229,30.18471431,20.48225991,29.11140906,16.38750366
Caldisericota,Bacteria,0.345458834,0,0,0,0,0.736275962,0,0,0,0,0,0.274806427,0,1.504667006,0.034476649,0.188052289,0,0,0,0.092473878,0,0,0,0.204637766,0,0,0.811317654,0.283620756,0.152584424,0,0.493048365,0,0,0,0,0.196709272,0,0,0,0.077654896,0,0,0,0,0
Calditrichota,Bacteria,1.777753513,2.03803029,8.969466245,1.150812095,0.571405506,4.049758326,1.032934122,1.012463445,1.626690421,4.056141269,0.432127766,4.900409702,3.514732323,6.630018156,3.392869587,1.926246043,9.65825904,3.580160756,1.828623552,1.968056969,1.828961982,0,0.760712114,0.982074412,0,5.602660545,3.786543614,5.918784691,2.991598104,0.483484266,1.616576785,0,7.164032343,0.026479066,0.232034327,3.897450351,3.009577515,2.055313634,0.645851038,0.399149665,0.31031451,2.081002768,1.105358681,0.109006082,0.840132723
Campylobacterota,Bacteria,2.697975868,6.667766159,14.9218714,2.695258533,7.936970367,8.280209628,6.516363097,5.988459048,7.192578077,7.384445404,16.25970072,8.05761446,11.01274724,8.570446888,9.167271175,5.28925585,10.5192906,6.3785773,4.222721069,8.212533045,6.337986779,0,6.651528342,3.638056535,68.85053979,5.281830942,8.836969507,9.322154725,8.44857443,3.037381895,5.683301423,1.694772345,10.95861467,4.778487623,12.31738137,6.621836363,49.87845909,6.154266751,10.76515918,5.772819509,5.269121154,5.530600908,5.503791939,8.004298477,5.242478584
Chlamydiota,Bacteria,7.596026687,17.73155052,33.10779419,7.657441573,6.415119809,16.5492057,13.61109496,10.36483651,35.10158583,26.88816991,32.72046337,19.16552405,18.08697577,34.95348867,11.60444889,17.93732756,70.49248823,12.47065333,10.77457613,52.42129876,10.98801851,0,22.89052425,42.25749058,361.2152668,24.26212808,34.99063356,32.3662964,21.52027735,21.45018848,32.0817965,13.61170767,13.39639661,11.17519404,14.1023895,17.83381756,15.46368629,14.41478369,8.535288582,9.732091975,4.422154253,15.71989009,29.86570208,17.00773417,11.3282896
Chlorobiota,Bacteria,5.36791547,19.42671516,25.12796241,5.741332336,3.791308122,12.54914968,11.61185584,5.472909175,38.12986477,74.63220151,21.5543467,11.34876616,19.55665354,24.63249025,5.164680432,16.0922022,44.3029696,4.884377519,7.990278592,14.12351504,9.68973004,0,24.30505453,11.58494436,0,10.35837466,31.59732142,13.04022597,22.62520173,4.379618086,72.85028361,2.508208856,6.855734113,5.106812409,6.515364237,51.64906816,28.32382648,17.90485988,3.088495445,13.51491491,5.140594784,44.0281164,28.86504154,9.84217304,6.934450424
Chloroflexota,Bacteria,9588.561297,3986.847789,5499.359988,3314.883756,2018.599179,5512.158276,3355.556964,2801.173888,3900.962094,2763.356638,2575.705241,3239.003557,4276.147786,4186.682433,10783.56795,3639.961449,6049.944781,5219.215805,12470.60673,4472.142679,4720.250265,0,2375.983672,3025.597814,8469.280732,4097.678359,7624.580936,5203.004747,2772.737947,3989.1787,1966.377128,5475.496886,4890.825347,1434.737879,1682.324948,3290.200956,4039.354523,2179.447987,1091.237579,2290.238044,2272.625858,1822.2463,1997.20146,789.4050763,1709.656053
Chrysiogenota,Bacteria,0,0,0.619696351,0,0,0,0.33137128,0,0.366432156,0,0,0,0,0,0,0,0,0,0,0,0,0,0,0,0,0,0,0,0,0,0,0,0,0,0,0,0,0,0,0,0,0,0,0,0
Coprothermobacterota,Bacteria,0,1.193188456,0.281089063,0,0,0,0,0,0,0,0,0,0.184297811,0.326439546,0,0,0.532617494,0,1.931170805,0,0,0,0,0,0,0,0.808850034,0.176560552,0.776986565,0.352177038,0,0,0,0,0.11841804,0,0,0.644335645,0,0,0,0.061831231,0,0.156590781,0
Cyanobacteriota,Bacteria,886.0941308,430.7890265,1596.039448,161.6608805,145.698272,375.8566473,184.5336946,2574.07305,1277.871758,14308.25591,3802.561942,1262.817235,1591.653491,534.19208,6628.620972,1176.792842,2065.693795,497.9016492,670.3328452,15229.90673,1232.189896,0,21797.50714,267.6052367,1434.153213,603.4575362,2847.269232,475.119685,581.8019988,317.1541183,406.6872388,823.8725426,1135.78104,168.3446003,251.8895005,1096.523496,223.8270085,967.2011325,803.5837588,1263.660512,1019.976426,1430.121759,18868.44663,2879.020135,1214.429554
Deferribacterota,Bacteria,0.166192139,0.289026512,2.426653157,0.075804402,0,0.764714497,0,0.210179225,0.466599989,0.503498281,0,0.051550989,0.569446769,1.322294703,1.000536914,0.55557325,1.136360018,0.037969991,0.031362791,0.958297853,0,0,3.326057861,4.315151155,0,11.75661405,2.101567809,9.546482,2.46030705,11.18933691,7.71883245,6.072822168,1.059406091,0.044949829,0.061824936,0,0.510080872,0.652775929,0,0,0.143771216,0.107671626,0.496399668,0,0.225380597
Deinococcota,Bacteria,19.52763679,31.84946133,46.40159688,88.18400819,7.877563719,33.89527913,18.50750421,17.36404069,38.23508844,17.5579635,9.850186362,16.50468053,18.33898824,26.98861081,15.54971614,10.03759875,36.86226468,9.880145689,13.7573243,13.39376452,11.21549809,0,40.48891696,19.80227534,203.2759804,20.34469596,131.9030855,35.92345987,30.75635388,32.79552437,18.4694607,18.6817145,34.64657585,38.22591588,19.63637554,10.32920343,26.86319737,11.40940221,9.663653233,8.331993662,5.458476134,7.356469804,5.460644974,12.0862731,7.714134203
Dictyoglomota,Bacteria,0.038857424,0,0.124881436,0.082368789,0.103335061,0.20181058,0.521635287,0.024318604,0,0,0,0,0,0.58868545,0,0,1.115329425,0.568729915,0.238581233,0.126329763,0,0,0,0,0,0.745555651,0,0,0,0,0,0,0,0.162904189,0.47476034,0,0,0.203560457,0.207409578,0.029455305,0,0,0.098811431,0,0.060411294
Elusimicrobiota,Bacteria,1.857430471,48.43259256,109.1219312,1.791313952,1.866605242,7.657089854,3.582616262,2.48082524,48.40728867,21.85116512,11.35404916,22.67691109,37.62590191,58.73896063,3.76993196,20.7259105,58.14655158,2.599124371,5.995694048,5.443298736,0.914067792,0,3.281774155,7.193136606,40.49500795,33.95337235,46.79627344,49.457672,29.95396261,3.742709986,12.84402252,8.181350168,4.413254415,0.565742084,1.624075152,12.10924832,51.22919744,7.609855341,0.738470414,2.796898231,1.612202045,6.955329592,4.527089251,1.838884133,0.689751654
Fibrobacterota,Bacteria,4.193684741,93.16620269,194.2164567,5.076974609,2.389901081,23.43126945,103.3266746,85.73853094,181.8903579,195.6349573,50.14279835,59.99409912,103.0516921,173.3650594,7.515259907,67.07107082,187.5933898,16.93188982,4.411999364,172.5190353,42.10613835,0,6.504929402,17.32013625,48.03039668,113.8797049,116.8977828,115.5332055,99.48647544,3.339220966,55.95261655,0.133163704,40.47658081,3.613887859,4.473735268,68.60365046,71.93238905,25.24027765,5.477876832,33.01542107,9.799836064,32.87705686,17.53678315,17.6651578,26.89636092
Fidelibacterota,Bacteria,2.667334981,12.49966938,24.41539739,5.329814515,1.813994719,6.624619803,3.65710614,4.077956395,8.450529332,8.485062912,2.339396782,8.564578529,9.971588811,16.35431429,4.756595388,4.8453354,14.92958539,1.239871493,5.943511788,9.746987354,3.077813098,0,5.331279435,3.149545734,0,12.44559443,16.48101026,13.15141009,10.07211088,4.891869335,12.62099552,0.690923152,6.483029803,2.153542978,3.784744807,6.273375937,8.164907296,7.926411667,2.304050845,2.726784162,1.770734108,4.995588821,6.1148325,4.371250993,1.898777593
Fusobacteriota,Bacteria,0.439218547,0.820005342,0.508102186,0.418098938,0,0.15152909,1.115077837,0.358319367,0.489062826,2.462744854,1.301312512,0.20420297,1.255016339,1.713251925,1.740521659,0.540703025,2.311164115,0,0.542167207,1.252328684,0.969706701,0,2.33496977,1.742153022,32.58629127,0.787624345,1.319692011,1.139064916,1.714395713,1.071993604,0.135071338,0,0.040905628,1.771966251,1.297248276,1.728870417,1.230195044,0.603079832,0.546355612,0.085297236,0.376750201,1.264847,0.678644973,1.658731017,0.240611587
Gemmatimonadota,Bacteria,679.4329101,8445.103619,7466.901312,2208.021775,827.220431,3226.842227,1648.544736,372.3221357,1027.361705,2352.869364,732.5350511,2044.971086,1806.545578,2695.51774,1959.952415,1907.841607,3318.343952,3167.215364,1286.284694,833.5183152,1510.381908,0,1038.196761,1097.515028,2533.496127,3935.308287,3078.77654,3174.761252,1752.562028,2069.91882,1020.134721,4507.873982,759.6326169,603.942155,996.1066696,597.3605733,5751.059406,588.6157301,1368.119005,446.5010033,324.9185739,730.9124825,549.8073185,434.3149224,449.2060614
Ignavibacteriota,Bacteria,19.69022801,37.19964041,62.52076889,18.65876875,6.887503616,56.13532657,36.09738587,15.50686664,119.757134,47.88070854,56.84637992,41.71987441,69.20666192,72.00060076,15.06323209,37.02549675,104.8205854,13.44975432,17.03607442,19.90273189,13.6005091,0,26.68928353,27.18007077,26.52519643,38.56026263,78.91723676,67.65519326,42.11447598,9.188180261,87.98695298,9.485408286,19.8792897,61.32058805,96.2244036,333.6323997,201.4428506,66.04476991,22.91482815,37.04392596,57.55951129,45.30232369,376.7828578,63.84774451,32.01518811
Kiritimatiellota,Bacteria,1.196928244,5.17959829,15.71908654,0.611258879,0.82498114,2.751077727,0.701317237,0.891309242,4.527409982,4.444858554,2.510361936,4.115289299,2.856769339,5.675231257,0.80434038,0.801306981,7.073390334,0.167000757,1.192752933,4.089039968,3.986489061,0,1.17901471,2.23794109,0,2.840255593,7.160847058,6.486758669,4.237605479,0.807806524,4.029887527,0,1.963494858,0.095242531,0.036152199,1.808305703,2.57316282,0.276335268,0.129067168,0.599309741,0.895574156,0.902051047,1.242735125,0.579297053,0.096880785
Lentisphaerota,Bacteria,2.525139657,2.408551777,7.670767571,1.131557788,0.16434606,2.192283362,1.382175832,1.396733672,4.100397433,2.810795594,1.880734034,3.211865444,4.750612294,5.564791466,1.686162335,2.158237314,8.527221501,1.067430838,3.349415419,3.41666227,1.01841343,0,1.132926276,0.04089088,0,6.446430029,8.906570195,5.809480111,4.786849365,1.956305916,2.197442916,0,2.856854489,0.114674315,0.922083075,3.374519271,10.2776823,2.239100511,1.221558085,0.857370247,0.788987586,2.341688811,0.57735829,0.538080775,1.187355786
Methanobacteriota,Archaea,20.07549346,19.5751375,52.49888628,10.57072032,7.23102025,46.09611016,16.26032159,15.14730828,14.39341238,19.46754591,11.90799849,42.56998034,80.15115475,79.62861145,54.36221678,35.62479845,57.40953562,46.5984931,31.46092498,26.72137556,14.20170241,0,16.9348741,17.47478182,28.65767008,25.08289543,52.00080078,38.39397784,20.28277845,17.66485605,13.30325535,5.217617435,24.00413386,93.87195182,87.30680434,102.5742373,38.05877988,59.95649259,110.7198808,1017.885277,259.0261664,135.4541265,27.68210024,9.135804734,423.0229738
Mycoplasmatota,Bacteria,25.71365885,22.83304883,16.95231745,22.44286174,19.09100659,25.17457076,26.5511597,80.43795707,23.68535046,31.22738932,23.93451388,37.20942093,16.43574742,20.16515929,23.64442337,14.58110967,18.42258221,20.69986837,14.7187031,15.53909654,23.65756647,0,32.48272741,11.45759881,74.89164032,31.87639351,16.02986073,27.36043464,22.66995283,11.76550958,25.76086268,5.895731726,20.1095264,19.86609085,22.06011454,29.09996754,15.92302236,14.67298044,13.5362115,15.03505239,21.8609832,15.15790461,34.63617003,20.35800856,18.05243475
Myxococcota,Bacteria,821.4879996,3299.115113,7135.273796,1055.642315,816.967193,1806.274987,761.8760036,1189.395949,4848.295028,3723.484608,2064.392261,2681.16031,3495.063437,6222.523691,849.5431224,2290.426975,8029.149674,807.0928676,780.6854047,757.3899472,1027.467415,0,958.5319775,1170.568605,6064.681424,4526.00175,7691.996598,5564.847545,3727.247853,938.6312763,3265.341404,1098.495615,1681.688102,528.6818585,547.3640302,3301.903827,3823.781203,3280.705087,666.2775956,1035.835089,481.4063057,2399.423386,2586.357265,655.9334156,504.3670322
Nanobdellota,Bacteria,9.331411105,22.1882894,67.13037035,12.99499058,10.97182037,21.17794461,20.69331393,16.94280097,26.29805135,17.93741025,18.24840032,18.13250737,31.52364837,37.31040924,17.29455473,16.72713552,37.03046297,8.859026905,11.85421494,25.12884877,20.4070926,0,16.40710808,15.91796644,0,26.85978578,41.99560645,49.9078984,23.69441198,18.04562899,14.53960942,15.35058854,19.98361868,8.701974973,8.26508254,11.92563482,9.246097702,6.322774196,7.135480184,6.833853711,5.803196278,6.369218079,5.752306652,14.18485708,12.7640225
Nitrososphaerota,Archaea,344.3281328,300.0637781,411.5388982,947.0091907,429.6201605,1114.477364,736.0306121,396.7899238,299.7187347,506.0172555,855.6319447,175.0147035,215.0519265,192.9339579,1319.552129,308.7680034,265.1086929,633.4431446,1389.392616,273.5695771,430.4282217,0,662.8245835,599.3373734,211.8886981,277.454532,235.4822055,213.0117775,180.7064392,715.0337217,2440.029766,693.4215647,959.4535133,161.2794291,221.7540071,656.9943555,139.2084913,1129.816395,244.8839496,754.8109442,336.8284668,815.0383729,696.2236891,27.82588444,264.6581897
Nitrospinota,Bacteria,16.01146774,56.08009068,78.76739744,51.38800698,79.73514013,63.05402061,30.2624878,4.897090579,12.9577387,14.75777633,17.56571448,22.09926871,25.61168324,29.88342112,57.12649696,18.77705076,25.09945872,24.10865941,39.12257127,4.776713514,4.515476143,0,18.18117087,15.37424247,117.8095511,59.01413926,42.69032509,70.22824844,17.46249131,39.88240532,19.12433147,31.26935843,14.13523306,8.869983341,23.68917647,21.01815931,98.51088496,9.361166987,16.5575447,4.078614544,3.937365231,8.471709186,10.51491493,9.273270535,6.655431529
Nitrospirota,Bacteria,1028.613447,410.5959048,628.2330344,2004.513077,474.2024764,1330.472527,999.9566413,197.7984494,155.7185301,126.6028952,228.8217147,238.9178066,246.0060775,330.1892706,1569.83587,254.0839136,575.7859576,1054.557879,1505.869931,548.1384896,495.6750557,0,1072.91743,2784.409087,353.9449893,453.8587836,472.0544441,394.6575133,627.1491594,3103.249951,113.3687828,3363.187515,486.6610599,747.8089608,842.0207254,150.2688467,331.8942555,99.30565406,825.7131725,629.4393042,205.5020355,88.39409169,116.6055496,51.64058941,225.2838481
Planctomycetota,Bacteria,1655.24435,3911.189364,7481.654361,1035.467316,741.8668318,2863.422884,1633.72285,1275.779787,4527.803107,3234.250836,2947.636788,2476.887915,2885.786656,4098.148869,2345.703339,10627.3009,6254.061322,4775.182149,1893.389363,3310.211948,5707.305832,0,1464.315978,1523.313629,6328.081688,3404.23807,6631.843667,6186.78447,3138.839505,1537.902428,3564.698394,1673.527897,2213.882019,1008.733031,577.6680659,4200.341175,2998.404083,2260.945997,407.6513226,1332.600194,1027.962756,2002.175762,1422.715369,539.2552011,756.9759418
Promethearchaeota,Archaea,0.554955002,0.048285317,1.621678504,0.804131239,0.124470712,1.208997062,0.266697741,0.662833268,1.010099258,1.553495862,0.146071357,0.648830172,0.858395286,1.724321059,0.138611895,0.111341783,0.609397982,0.449166714,0.747336647,0.898175365,0.281606744,0,0.941306442,0.265315243,0,0.822037079,0.894300286,1.42337109,0.518893314,0.604316909,0.61335814,0,0.402963659,0.074644405,0.164778797,0.774163723,0,0.701801837,0,1.011255531,0.429269351,0.196069795,1.118509027,0,0.320864199
Pseudomonadota,Bacteria,12784.91118,13798.06513,25370.08665,19784.28678,16386.86422,20699.85682,23609.18421,21990.31662,11462.49277,12861.114,10936.50283,12320.20204,14002.97687,14570.83283,14011.46851,10200.4276,20192.42791,18729.90368,23222.10454,31254.85752,14708.24405,0,20247.49478,22113.66456,27256.2154,15586.45142,16111.58538,22629.18854,17851.11086,20379.45923,15127.55076,31319.44221,25654.68157,11305.03482,11963.67284,14296.76061,18072.97305,11260.4422,13506.1243,22366.85593,16525.96649,8947.574018,8048.797674,10023.41148,14962.52125
Rhodothermota,Bacteria,23.80212786,26.67687065,44.78067389,16.74153426,11.25384826,62.99216971,14.0339902,7.538338755,14.25353449,16.09009003,8.040109983,40.22982184,33.18998752,94.11612261,20.27847088,31.15618963,79.88949971,46.17597414,36.41006043,15.25687728,23.00822181,0,18.25719246,53.21092497,0,54.03822633,66.338972,71.78598831,127.7018823,48.72208603,17.25672015,26.65635478,19.3862562,14.81469241,20.07238479,30.37615407,19.91586381,14.77353285,4.745095083,10.03470341,6.700982471,16.13663511,7.026747363,15.93561822,6.61932446
Spirochaetota,Bacteria,10.64492842,28.10356728,52.08554043,11.81155392,9.399603956,20.3156068,20.42532678,19.42492888,45.46268179,25.62182175,9.766757989,31.49611649,33.98955844,31.22433759,18.76075705,23.58021656,36.40065375,45.54611539,26.98945026,35.85215867,31.26422907,0,11.85798712,13.13492969,0,29.75355269,38.59196459,36.52326343,17.7169793,10.95702894,17.91604038,33.0712241,23.24186009,5.242257167,5.547724804,17.52161188,53.34397369,8.896606696,3.531604678,8.275570766,10.47020532,10.41428132,7.329330966,4.838177704,9.310597689
Synergistota,Bacteria,0.456501176,0.805666204,6.481962727,0.770175344,0.337015172,1.762865519,1.200897502,1.032362672,0.880372306,1.22130263,0.624535019,1.725797726,1.658242201,1.2704478,1.457657687,1.108523527,2.923194631,0.7613764,1.72952802,2.794401013,0.369259174,0,0.845665383,2.265784165,0,0.557976308,2.825524482,2.948739983,3.106902136,0.412810855,0.922846849,0,0.333419462,0.129097717,0.254113373,3.419352871,3.497049893,1.08465649,0.430493704,0.486433481,0.433771221,0.622035189,0.771099082,0,0.660015497
Thermodesulfobacteriota,Bacteria,10405.16622,4284.69321,287.180254,2869.968707,2030.054668,6359.384227,3836.470358,6120.561555,129.7509145,775.0476408,143.4524011,91.96561483,141.4725576,159.7793564,147.1259844,110.4362864,188.1860031,87.23527147,155.5665289,59.12662948,39.23879959,0,115.6257245,191.6319353,138.419134,163.7968579,209.083459,185.6031478,112.9677858,277.2001167,60.74380054,235.3703377,83.04813315,23.44706732,38.86824962,81.10507669,142.3937741,40.02130364,51.31843907,32.14746782,29.92788222,40.77597368,26.83794027,28.4465916,25.89624447
Thermodesulfobiota,Bacteria,0,0,0,0,0,0,0,0,0,0,0,0,0,0,0,0,0,0,0,0,0,0,0,0,0,0,0.090569445,0.303421188,0.134632945,0.147076578,0,0,0,0,0,0,0,0,0,0,0,0,0,0,0
Thermomicrobiota,Bacteria,433.2306154,348.5805035,343.0486392,666.8018921,627.0543972,618.8724577,755.1074255,919.7408532,359.8342973,265.2768787,183.0874705,258.8723115,265.4244845,334.0989012,784.5805796,284.9280819,468.5102237,707.8022212,755.2912041,1260.325016,538.2691994,0,907.8839575,730.3366218,364.3958605,419.6374552,431.5431508,436.669502,325.3678773,821.1771205,388.7900469,1354.844691,1702.448948,3358.109884,1185.962783,297.0529768,351.9467303,235.5573326,572.2420022,513.9544819,502.6308702,196.5508305,209.7847661,287.8762064,455.3623802
Thermoplasmatota,Archaea,5.623015859,23.71828577,163.7564759,5.868830068,4.221374686,189.9893783,25.86801157,5.95207794,7.621447729,6.923698982,6.747786236,104.0816147,83.94683155,53.22184549,10.9531134,125.6090365,22.19531738,4.851690714,10.33670854,5.750204961,2.108574381,0,6.532206384,3.343467469,59.33312865,8.791667386,20.76000185,61.73856598,9.313438813,7.050821822,6.354371337,7.782290342,7.920989937,1.766311121,2.221596451,6.698654713,8.862134702,3.955008537,1.012773987,1.990649839,2.167086783,3.924137886,8.334485322,3.002156985,4.24767847
Thermoproteota,Archaea,12.58441332,22.47747444,21.05796038,41.3835419,11.24934147,56.10199754,25.65618193,6.329357287,2.448644178,2.295602871,1.155131651,7.379232753,7.404799576,5.840145045,25.01377926,10.24021653,11.20105693,17.65839226,29.5896529,7.084402785,18.95080478,0,15.46756545,14.33786658,0,9.649558165,12.10549658,9.967981518,5.313765444,21.25836655,1.105081279,9.255332379,8.361000352,5.635886026,8.863931685,3.656557346,14.09467566,3.021350679,5.699175504,4.850731958,4.19307372,1.413925134,2.625217179,1.317104833,3.792326201
Thermosulfidibacterota,Bacteria,0,0,0.324122242,0,0,0.369396449,0.27943996,0.171175474,0,0.142288107,0,0.57101924,0.045550217,0.222757614,0.484550254,0.241420305,0.544124528,0.781400586,0.49093881,0.078425412,0.417663935,0,0.115535291,0.310859821,0,0.660781588,1.121319748,0.912717467,0.30340136,0.068228304,0.432179418,0,0,0.075737383,0.181289909,0.348105351,0.99123387,0.061346987,0.092364748,0,0,0.234552274,0,0,0
Thermotogota,Bacteria,49.10327823,138.3673425,29.25336351,85.82572372,38.61971976,243.3165727,20.54606937,17.15985439,14.33887131,20.89526184,16.77835326,12.03043818,12.8140938,12.33611305,83.04092349,10.5280684,11.88781189,12.12083928,59.57693269,5.028338735,13.15483697,0,2.127012925,4.766906956,0,7.478744127,5.446003626,6.70724947,3.765198701,2.372849599,1.604449377,0,3.551713711,1.70656051,0.96183835,471.7702576,8.684916027,7.302096762,1.093050129,2.975894129,1.425793406,2.253420385,6.77176695,5.129815886,1.542721508
Verrucomicrobiota,Bacteria,409.3769893,1677.037997,3690.487591,368.2309171,223.7399855,934.7875478,422.1965385,464.1666078,2349.159126,2467.71019,1487.544901,1351.883909,2090.543922,3165.955219,438.087547,1131.277537,3399.366071,330.339877,495.9136063,543.6033387,429.8065874,0,512.9772154,435.9492389,3900.679186,2692.815136,2949.28031,3096.475446,2163.316452,409.674308,2121.870218,453.0990162,669.2893559,222.7050298,381.6287732,1934.361997,2465.671422,1714.158206,240.0479755,766.0001531,511.1501298,1178.870074,913.1652542,414.0486584,442.4472755
Vulcanimicrobiota,Bacteria,5.380036745,13.52442743,22.84732931,7.563326599,5.564349595,13.54087999,21.31043405,43.00561423,26.10952921,25.26245005,27.13365822,9.574805068,10.66396732,14.44005603,10.37259859,18.86183674,21.2108063,7.159231191,8.763904725,15.65452574,5.006844406,0,11.86865155,6.79875918,1.914360279,10.10851932,15.06086843,17.46886507,10.39122896,7.999268417,26.77870502,17.41964929,69.64311289,5.586550341,5.232476014,18.78784855,19.71071408,21.71634388,8.743608235,26.98230557,11.46071074,17.35699238,6.731852143,2.374250853,19.05433034